,pid,selected,stationID,country,IcosClass,latitude,longitude,altitude,samplingHeight,size,nRows,dataLevel,obsStart,obsStop,productionTime,accessUrl,fileName,dClass,dataSetLabel,stationName
165,loluBHpTb7EgO4DQ5hM8PRU_,True,BRM,CH,no,47.1896,8.1755,797.0,212.0,1443647,81739,2,2012-11-05T09:30:00Z,2023-03-31T23:30:00Z,2024-05-01T20:01:30.128357Z,https://data.icos-cp.eu/objects/loluBHpTb7EgO4DQ5hM8PRU_,co2_brm_tower-insitu_49_allvalid-212magl.nc,4,Obspack CO2 time-series result,Beromunster
279,Pl8K37vLYJVtliKn1gBxWvJq,True,BRM,CH,no,47.1896,8.1755,797.0,132.0,1447173,81511,2,2012-11-05T09:30:00Z,2023-03-31T23:30:00Z,2024-05-01T20:01:41.816486Z,https://data.icos-cp.eu/objects/Pl8K37vLYJVtliKn1gBxWvJq,co2_brm_tower-insitu_49_allvalid-132magl.nc,4,Obspack CO2 time-series result,Beromunster
213,m3JKJ-XzZI8-lJ0TGXbSrdKM,True,BRM,CH,no,47.1896,8.1755,797.0,72.0,1453096,81714,2,2012-11-05T09:30:00Z,2023-03-31T23:30:00Z,2024-05-01T20:01:07.435863Z,https://data.icos-cp.eu/objects/m3JKJ-XzZI8-lJ0TGXbSrdKM,co2_brm_tower-insitu_49_allvalid-72magl.nc,4,Obspack CO2 time-series result,Beromunster
236,r0Fg3R53xEsmWYknbrrERT0x,True,BRM,CH,no,47.1896,8.1755,797.0,44.6,1458073,81715,2,2012-11-05T09:30:00Z,2023-03-31T23:30:00Z,2024-05-01T20:01:19.004904Z,https://data.icos-cp.eu/objects/r0Fg3R53xEsmWYknbrrERT0x,co2_brm_tower-insitu_49_allvalid-44magl.nc,4,Obspack CO2 time-series result,Beromunster
226,vyy77i8T4qKgQ6SSR9V4K3ww,True,BRM,CH,no,47.1896,8.1755,797.0,12.5,1461692,81703,2,2012-11-05T09:30:00Z,2023-03-31T23:30:00Z,2024-05-01T20:01:53.312784Z,https://data.icos-cp.eu/objects/vyy77i8T4qKgQ6SSR9V4K3ww,co2_brm_tower-insitu_49_allvalid-12magl.nc,4,Obspack CO2 time-series result,Beromunster
274,N8iDZuDYIHsm9VeCPzthemje,True,BRM,CH,no,47.1896,8.1755,797.0,212.0,1278316,100056,2,2012-11-01T00:00:00Z,2024-03-31T23:00:00Z,2024-07-17T12:06:32Z,https://data.icos-cp.eu/objects/N8iDZuDYIHsm9VeCPzthemje,ICOS_ATC_OBSPACK-Europe-L2-2024_BRM_212.0_CTS_CO2.zip,2,Atmospheric CO2 product,Beromunster
49,bq_R4xVSwxptP_9Jyz-9yM7y,True,BRM,CH,no,47.1896,8.1755,797.0,132.0,1286774,100056,2,2012-11-01T00:00:00Z,2024-03-31T23:00:00Z,2024-07-17T12:06:24Z,https://data.icos-cp.eu/objects/bq_R4xVSwxptP_9Jyz-9yM7y,ICOS_ATC_OBSPACK-Europe-L2-2024_BRM_132.0_CTS_CO2.zip,2,Atmospheric CO2 product,Beromunster
13,YM8W_EXKbpYKniN0UBZCumD9,True,BRM,CH,no,47.1896,8.1755,797.0,72.0,1297068,100056,2,2012-11-01T00:00:00Z,2024-03-31T23:00:00Z,2024-07-17T12:06:51Z,https://data.icos-cp.eu/objects/YM8W_EXKbpYKniN0UBZCumD9,ICOS_ATC_OBSPACK-Europe-L2-2024_BRM_72.0_CTS_CO2.zip,2,Atmospheric CO2 product,Beromunster
9,Uqf0uZxcEftyNZccDXOkbmh-,True,BRM,CH,no,47.1896,8.1755,797.0,44.6,1302474,100056,2,2012-11-01T00:00:00Z,2024-03-31T23:00:00Z,2024-07-17T12:06:42Z,https://data.icos-cp.eu/objects/Uqf0uZxcEftyNZccDXOkbmh-,ICOS_ATC_OBSPACK-Europe-L2-2024_BRM_44.6_CTS_CO2.zip,2,Atmospheric CO2 product,Beromunster
176,RUHwK75KAdipBVZfBQwaNJgH,True,BRM,CH,no,47.1896,8.1755,797.0,12.5,1310618,100056,2,2012-11-01T00:00:00Z,2024-03-31T23:00:00Z,2024-07-17T12:06:15Z,https://data.icos-cp.eu/objects/RUHwK75KAdipBVZfBQwaNJgH,ICOS_ATC_OBSPACK-Europe-L2-2024_BRM_12.5_CTS_CO2.zip,2,Atmospheric CO2 product,Beromunster
22,9_tK1OSyyjGueS-y-BbpG3kf,True,JFJ,CH,1,46.5475,7.9851,3571.8,13.9,2726952,151885,2,2004-12-09T15:30:00Z,2024-04-30T23:30:00Z,2024-05-01T20:13:18.304853Z,https://data.icos-cp.eu/objects/9_tK1OSyyjGueS-y-BbpG3kf,co2_jfj_tower-insitu_49_allvalid-13magl.nc,4,Obspack CO2 time-series result,Jungfraujoch
255,hsocUDgfORKLhBWs6n5GlXUW,True,JFJ,CH,1,46.5475,7.9851,3571.8,5.0,2629796,143176,2,2004-12-09T15:30:00Z,2023-04-25T20:30:00Z,2023-04-26T22:48:04.654557Z,https://data.icos-cp.eu/objects/hsocUDgfORKLhBWs6n5GlXUW,co2_jfj_surface-insitu_49_allvalid.nc,4,Obspack CO2 time-series result,Jungfraujoch
96,4-Kot58QX1b5u-e8SGD8XTPy,True,JFJ,CH,1,46.5475,7.9851,3571.8,13.9,1204409,63816,2,2016-12-12T00:00:00Z,2024-03-31T23:00:00Z,2024-06-27T13:28:14Z,https://data.icos-cp.eu/objects/4-Kot58QX1b5u-e8SGD8XTPy,ICOS_ATC_L2_L2-2024.1_JFJ_13.9_CTS_CO2.zip,3,ICOS ATC CO2 Release,Jungfraujoch
54,gZr0nwEE85IN5Wiohmz8eglK,True,JFJ,CH,1,46.5475,7.9851,3571.8,13.9,2298112,168968,2,2004-12-09T15:00:00Z,2024-03-31T23:00:00Z,2024-07-19T08:22:19Z,https://data.icos-cp.eu/objects/gZr0nwEE85IN5Wiohmz8eglK,ICOS_ATC_OBSPACK-Europe-L2-2024_JFJ_13.9_CTS_CO2.zip,2,Atmospheric CO2 product,Jungfraujoch
224,XxfuHku1oZSCaYNQuAunG_fA,True,LHW,CH,no,47.4822,8.3973,840.0,32.0,1455735,81330,2,2012-08-26T00:30:00Z,2023-01-01T00:30:00Z,2024-05-01T20:16:41.615157Z,https://data.icos-cp.eu/objects/XxfuHku1oZSCaYNQuAunG_fA,co2_lhw_surface-insitu_5_allvalid.nc,4,Obspack CO2 time-series result,Laegern-Hochwacht
169,hI7xdZkZoujyK-kRcsTEgpK0,True,LHW,CH,no,47.4822,8.3973,840.0,32.0,1351882,102263,2,2012-08-01T01:00:00Z,2024-03-31T23:00:00Z,2024-07-17T12:14:18Z,https://data.icos-cp.eu/objects/hI7xdZkZoujyK-kRcsTEgpK0,ICOS_ATC_OBSPACK-Europe-L2-2024_LHW_32.0_CTS_CO2.zip,2,Atmospheric CO2 product,Laegern-Hochwacht
42,1owi2XVPIi922ZN3aFWO27-o,True,KRE,CZ,1,49.572,15.08,534.0,250.0,1094031,53014,2,2017-04-12T20:30:00Z,2024-04-29T23:30:00Z,2024-05-01T20:15:52.888989Z,https://data.icos-cp.eu/objects/1owi2XVPIi922ZN3aFWO27-o,co2_kre_tower-insitu_441_allvalid-250magl.nc,4,Obspack CO2 time-series result,Křešín u Pacova
230,LBdZ31msCXIvYXEwCFIuPriA,True,KRE,CZ,1,49.572,15.08,534.0,125.0,1058780,49478,2,2017-04-12T20:30:00Z,2024-04-29T23:30:00Z,2024-05-01T20:16:02.248011Z,https://data.icos-cp.eu/objects/LBdZ31msCXIvYXEwCFIuPriA,co2_kre_tower-insitu_441_allvalid-125magl.nc,4,Obspack CO2 time-series result,Křešín u Pacova
211,qz2z5ZqHK1j2RhhHKnuAX7c2,True,KRE,CZ,1,49.572,15.08,534.0,50.0,1078885,50505,2,2017-04-12T20:30:00Z,2024-04-29T23:30:00Z,2024-05-01T20:15:43.412237Z,https://data.icos-cp.eu/objects/qz2z5ZqHK1j2RhhHKnuAX7c2,co2_kre_tower-insitu_441_allvalid-50magl.nc,4,Obspack CO2 time-series result,Křešín u Pacova
39,_m3kP6Xpj8i6L4EEX9_vZoDV,True,KRE,CZ,1,49.572,15.08,534.0,10.0,1044045,47966,2,2017-04-12T19:30:00Z,2024-04-29T23:30:00Z,2024-05-01T20:16:11.670239Z,https://data.icos-cp.eu/objects/_m3kP6Xpj8i6L4EEX9_vZoDV,co2_kre_tower-insitu_441_allvalid-10magl.nc,4,Obspack CO2 time-series result,Křešín u Pacova
297,uQkJLEwAU_3MVp-IpgyOCpZ6,True,KRE,CZ,1,49.572,15.08,534.0,250.0,1123520,61104,2,2017-04-12T00:00:00Z,2024-03-31T23:00:00Z,2024-06-27T13:31:13Z,https://data.icos-cp.eu/objects/uQkJLEwAU_3MVp-IpgyOCpZ6,ICOS_ATC_L2_L2-2024.1_KRE_250.0_CTS_CO2.zip,3,ICOS ATC CO2 Release,Křešín u Pacova
16,3uJtWmCDxuItxeIucmkhY3Ek,True,KRE,CZ,1,49.572,15.08,534.0,125.0,1064971,61104,2,2017-04-12T00:00:00Z,2024-03-31T23:00:00Z,2024-06-27T13:30:58Z,https://data.icos-cp.eu/objects/3uJtWmCDxuItxeIucmkhY3Ek,ICOS_ATC_L2_L2-2024.1_KRE_125.0_CTS_CO2.zip,3,ICOS ATC CO2 Release,Křešín u Pacova
55,ayi3REgvVK1HDBtIrXp7D4NU,True,KRE,CZ,1,49.572,15.08,534.0,50.0,1078343,61104,2,2017-04-12T00:00:00Z,2024-03-31T23:00:00Z,2024-06-27T13:31:29Z,https://data.icos-cp.eu/objects/ayi3REgvVK1HDBtIrXp7D4NU,ICOS_ATC_L2_L2-2024.1_KRE_50.0_CTS_CO2.zip,3,ICOS ATC CO2 Release,Křešín u Pacova
59,4s7XTbA3xCVIcCzp-Y4xdn74,True,KRE,CZ,1,49.572,15.08,534.0,10.0,1061568,61104,2,2017-04-12T00:00:00Z,2024-03-31T23:00:00Z,2024-06-27T13:30:43Z,https://data.icos-cp.eu/objects/4s7XTbA3xCVIcCzp-Y4xdn74,ICOS_ATC_L2_L2-2024.1_KRE_10.0_CTS_CO2.zip,3,ICOS ATC CO2 Release,Křešín u Pacova
76,L0pmrNxxVZwt2o14UbZUBLa9,True,KRE,CZ,1,49.572,15.08,534.0,250.0,981430,61104,2,2017-04-12T00:00:00Z,2024-03-31T23:00:00Z,2024-07-17T12:14:02Z,https://data.icos-cp.eu/objects/L0pmrNxxVZwt2o14UbZUBLa9,ICOS_ATC_OBSPACK-Europe-L2-2024_KRE_250.0_CTS_CO2.zip,2,Atmospheric CO2 product,Křešín u Pacova
258,qMRWrz1Dkx6Yzct5bg65DHZg,True,KRE,CZ,1,49.572,15.08,534.0,125.0,928733,61104,2,2017-04-12T00:00:00Z,2024-03-31T23:00:00Z,2024-07-17T12:13:56Z,https://data.icos-cp.eu/objects/qMRWrz1Dkx6Yzct5bg65DHZg,ICOS_ATC_OBSPACK-Europe-L2-2024_KRE_125.0_CTS_CO2.zip,2,Atmospheric CO2 product,Křešín u Pacova
89,2kZ3oNhSk0QVRLAu_38PXLD8,True,KRE,CZ,1,49.572,15.08,534.0,50.0,941358,61104,2,2017-04-12T00:00:00Z,2024-03-31T23:00:00Z,2024-07-17T12:14:09Z,https://data.icos-cp.eu/objects/2kZ3oNhSk0QVRLAu_38PXLD8,ICOS_ATC_OBSPACK-Europe-L2-2024_KRE_50.0_CTS_CO2.zip,2,Atmospheric CO2 product,Křešín u Pacova
36,F69m7RQuSm5f689STO5b_S89,True,KRE,CZ,1,49.572,15.08,534.0,10.0,926244,61104,2,2017-04-12T00:00:00Z,2024-03-31T23:00:00Z,2024-07-17T12:13:50Z,https://data.icos-cp.eu/objects/F69m7RQuSm5f689STO5b_S89,ICOS_ATC_OBSPACK-Europe-L2-2024_KRE_10.0_CTS_CO2.zip,2,Atmospheric CO2 product,Křešín u Pacova
1,H6bkh4DlAS6Z-EEnHTZIOLTM,True,GAT,DE,1,53.0657,11.4429,70.0,341.0,1279114,64960,2,2016-05-10T07:30:00Z,2024-04-30T23:30:00Z,2024-05-01T20:06:54.227068Z,https://data.icos-cp.eu/objects/H6bkh4DlAS6Z-EEnHTZIOLTM,co2_gat_tower-insitu_147_allvalid-341magl.nc,4,Obspack CO2 time-series result,Gartow
191,HPKz-02aolbqHwHC6DdSk7V6,True,GAT,DE,1,53.0657,11.4429,70.0,216.0,1284786,64240,2,2016-05-10T07:30:00Z,2024-04-30T23:30:00Z,2024-05-01T20:07:17.532967Z,https://data.icos-cp.eu/objects/HPKz-02aolbqHwHC6DdSk7V6,co2_gat_tower-insitu_147_allvalid-216magl.nc,4,Obspack CO2 time-series result,Gartow
187,Da0NE7fp_bqBwBbYiWldVmAd,True,GAT,DE,1,53.0657,11.4429,70.0,132.0,1284993,64187,2,2016-05-10T07:30:00Z,2024-04-30T23:30:00Z,2024-05-01T20:07:28.988966Z,https://data.icos-cp.eu/objects/Da0NE7fp_bqBwBbYiWldVmAd,co2_gat_tower-insitu_147_allvalid-132magl.nc,4,Obspack CO2 time-series result,Gartow
82,yBTaoP66bl8tJvcAFYKhspdD,True,GAT,DE,1,53.0657,11.4429,70.0,60.0,1287487,64298,2,2016-05-10T07:30:00Z,2024-04-30T23:30:00Z,2024-05-01T20:06:43.081766Z,https://data.icos-cp.eu/objects/yBTaoP66bl8tJvcAFYKhspdD,co2_gat_tower-insitu_147_allvalid-60magl.nc,4,Obspack CO2 time-series result,Gartow
27,Yo21KF33FXb31hANDov_rqLp,True,GAT,DE,1,53.0657,11.4429,70.0,30.0,1287909,64300,2,2016-05-10T07:30:00Z,2024-04-30T23:30:00Z,2024-05-01T20:07:05.800618Z,https://data.icos-cp.eu/objects/Yo21KF33FXb31hANDov_rqLp,co2_gat_tower-insitu_147_allvalid-30magl.nc,4,Obspack CO2 time-series result,Gartow
126,A5gJopzynEmII9TqHqxrIr2T,True,GAT,DE,1,53.0657,11.4429,70.0,341.0,1334253,69192,2,2016-05-10T00:00:00Z,2024-03-31T23:00:00Z,2024-06-27T13:23:24Z,https://data.icos-cp.eu/objects/A5gJopzynEmII9TqHqxrIr2T,ICOS_ATC_L2_L2-2024.1_GAT_341.0_CTS_CO2.zip,3,ICOS ATC CO2 Release,Gartow
62,Rnk-o-2TbASmFxOE8Eg2rTtE,True,GAT,DE,1,53.0657,11.4429,70.0,216.0,1326967,69192,2,2016-05-10T00:00:00Z,2024-03-31T23:00:00Z,2024-06-27T13:23:00Z,https://data.icos-cp.eu/objects/Rnk-o-2TbASmFxOE8Eg2rTtE,ICOS_ATC_L2_L2-2024.1_GAT_216.0_CTS_CO2.zip,3,ICOS ATC CO2 Release,Gartow
118,NU-d-vmx_T1ZxzZmWJQhG5Hw,True,GAT,DE,1,53.0657,11.4429,70.0,132.0,1326140,69192,2,2016-05-10T00:00:00Z,2024-03-31T23:00:00Z,2024-06-27T13:22:48Z,https://data.icos-cp.eu/objects/NU-d-vmx_T1ZxzZmWJQhG5Hw,ICOS_ATC_L2_L2-2024.1_GAT_132.0_CTS_CO2.zip,3,ICOS ATC CO2 Release,Gartow
174,omgA3WYTKqmaGsiIpbI2Stto,True,GAT,DE,1,53.0657,11.4429,70.0,60.0,1327089,69192,2,2016-05-10T00:00:00Z,2024-03-31T23:00:00Z,2024-06-27T13:23:36Z,https://data.icos-cp.eu/objects/omgA3WYTKqmaGsiIpbI2Stto,ICOS_ATC_L2_L2-2024.1_GAT_60.0_CTS_CO2.zip,3,ICOS ATC CO2 Release,Gartow
268,_DTK6J-5BoXlA3j5FbOfRxWl,True,GAT,DE,1,53.0657,11.4429,70.0,30.0,1327233,69192,2,2016-05-10T00:00:00Z,2024-03-31T23:00:00Z,2024-06-27T13:23:12Z,https://data.icos-cp.eu/objects/_DTK6J-5BoXlA3j5FbOfRxWl,ICOS_ATC_L2_L2-2024.1_GAT_30.0_CTS_CO2.zip,3,ICOS ATC CO2 Release,Gartow
172,ZvNLWTNy4XbWAAYu3sit4-53,True,GAT,DE,1,53.0657,11.4429,70.0,341.0,1143308,69192,2,2016-05-10T00:00:00Z,2024-03-31T23:00:00Z,2024-07-17T12:08:52Z,https://data.icos-cp.eu/objects/ZvNLWTNy4XbWAAYu3sit4-53,ICOS_ATC_OBSPACK-Europe-L2-2024_GAT_341.0_CTS_CO2.zip,2,Atmospheric CO2 product,Gartow
179,2vM2u9e4pZgsP4olHUhTgvdP,True,GAT,DE,1,53.0657,11.4429,70.0,216.0,1140053,69192,2,2016-05-10T00:00:00Z,2024-03-31T23:00:00Z,2024-07-17T12:08:39Z,https://data.icos-cp.eu/objects/2vM2u9e4pZgsP4olHUhTgvdP,ICOS_ATC_OBSPACK-Europe-L2-2024_GAT_216.0_CTS_CO2.zip,2,Atmospheric CO2 product,Gartow
125,1R-yMgdkuSLmjFrkoGR6rCRE,True,GAT,DE,1,53.0657,11.4429,70.0,132.0,1142120,69192,2,2016-05-10T00:00:00Z,2024-03-31T23:00:00Z,2024-07-17T12:08:32Z,https://data.icos-cp.eu/objects/1R-yMgdkuSLmjFrkoGR6rCRE,ICOS_ATC_OBSPACK-Europe-L2-2024_GAT_132.0_CTS_CO2.zip,2,Atmospheric CO2 product,Gartow
241,jpiuFQN_tDaJbnvn3GQ_UHKK,True,GAT,DE,1,53.0657,11.4429,70.0,60.0,1142829,69192,2,2016-05-10T00:00:00Z,2024-03-31T23:00:00Z,2024-07-17T12:09:00Z,https://data.icos-cp.eu/objects/jpiuFQN_tDaJbnvn3GQ_UHKK,ICOS_ATC_OBSPACK-Europe-L2-2024_GAT_60.0_CTS_CO2.zip,2,Atmospheric CO2 product,Gartow
131,mSiWjzUO3MgTmQxzra8d_8lX,True,GAT,DE,1,53.0657,11.4429,70.0,30.0,1143749,69192,2,2016-05-10T00:00:00Z,2024-03-31T23:00:00Z,2024-07-17T12:08:46Z,https://data.icos-cp.eu/objects/mSiWjzUO3MgTmQxzra8d_8lX,ICOS_ATC_OBSPACK-Europe-L2-2024_GAT_30.0_CTS_CO2.zip,2,Atmospheric CO2 product,Gartow
70,-z6HvHywe9aYyTPDZOUqTagr,True,HEI,DE,no,49.4172,8.675,113.0,30.0,3365202,201937,2,1996-01-01T00:30:00Z,2023-03-31T17:30:00Z,2024-05-01T20:10:04.475296Z,https://data.icos-cp.eu/objects/-z6HvHywe9aYyTPDZOUqTagr,co2_hei_surface-insitu_22_allvalid.nc,4,Obspack CO2 time-series result,Heidelberg
83,epHPiGsdO0NIG5b6b0Rwez4k,True,HEI,DE,no,49.4172,8.675,113.0,30.0,2959685,247616,2,1996-01-01T00:00:00Z,2024-03-31T23:00:00Z,2024-07-17T12:09:20Z,https://data.icos-cp.eu/objects/epHPiGsdO0NIG5b6b0Rwez4k,ICOS_ATC_OBSPACK-Europe-L2-2024_HEI_30.0_CTS_CO2.zip,2,Atmospheric CO2 product,Heidelberg
156,Ut73CaidkhMPPXJgKoERf2_7,True,HPB,DE,1,47.8011,11.0246,934.0,131.0,1468454,72984,2,2015-09-03T00:30:00Z,2024-04-30T23:30:00Z,2024-05-01T20:10:52.052111Z,https://data.icos-cp.eu/objects/Ut73CaidkhMPPXJgKoERf2_7,co2_hpb_tower-insitu_147_allvalid-131magl.nc,4,Obspack CO2 time-series result,Hohenpeissenberg
46,xiUhcPEJrbvBl9ouffG_6ct8,True,HPB,DE,1,47.8011,11.0246,934.0,93.0,1468974,71392,2,2015-09-03T00:30:00Z,2024-04-30T23:30:00Z,2024-05-01T20:10:27.711583Z,https://data.icos-cp.eu/objects/xiUhcPEJrbvBl9ouffG_6ct8,co2_hpb_tower-insitu_147_allvalid-93magl.nc,4,Obspack CO2 time-series result,Hohenpeissenberg
265,dasBj6kK6DW5rnSMi0kHyGru,True,HPB,DE,1,47.8011,11.0246,934.0,50.0,1442495,69901,2,2015-09-03T00:30:00Z,2024-04-30T23:30:00Z,2024-05-01T20:10:40.098451Z,https://data.icos-cp.eu/objects/dasBj6kK6DW5rnSMi0kHyGru,co2_hpb_tower-insitu_147_allvalid-50magl.nc,4,Obspack CO2 time-series result,Hohenpeissenberg
155,JPMmGQUs3V_6fdGgk9ksYgez,True,HPB,DE,1,47.8011,11.0246,934.0,131.0,1506334,74808,2,2015-09-18T00:00:00Z,2024-03-31T23:00:00Z,2024-06-27T13:24:52Z,https://data.icos-cp.eu/objects/JPMmGQUs3V_6fdGgk9ksYgez,ICOS_ATC_L2_L2-2024.1_HPB_131.0_CTS_CO2.zip,3,ICOS ATC CO2 Release,Hohenpeissenberg
290,nKgLaL438V98ZWN9U8tKjfwn,True,HPB,DE,1,47.8011,11.0246,934.0,93.0,1481897,74808,2,2015-09-18T00:00:00Z,2024-03-31T23:00:00Z,2024-06-27T13:25:19Z,https://data.icos-cp.eu/objects/nKgLaL438V98ZWN9U8tKjfwn,ICOS_ATC_L2_L2-2024.1_HPB_93.0_CTS_CO2.zip,3,ICOS ATC CO2 Release,Hohenpeissenberg
134,btN7ix-Ti9uSgr6HwtK7K6N9,True,HPB,DE,1,47.8011,11.0246,934.0,50.0,1464635,74808,2,2015-09-18T00:00:00Z,2024-03-31T23:00:00Z,2024-06-27T13:25:06Z,https://data.icos-cp.eu/objects/btN7ix-Ti9uSgr6HwtK7K6N9,ICOS_ATC_L2_L2-2024.1_HPB_50.0_CTS_CO2.zip,3,ICOS ATC CO2 Release,Hohenpeissenberg
208,wYHf4bN7dhdYB-n8066HUxv_,True,HPB,DE,1,47.8011,11.0246,934.0,131.0,1311188,75168,2,2015-09-03T00:00:00Z,2024-03-31T23:00:00Z,2024-07-17T12:09:53Z,https://data.icos-cp.eu/objects/wYHf4bN7dhdYB-n8066HUxv_,ICOS_ATC_OBSPACK-Europe-L2-2024_HPB_131.0_CTS_CO2.zip,2,Atmospheric CO2 product,Hohenpeissenberg
181,IkbobpVLFSengsBoOoKJdS7J,True,HPB,DE,1,47.8011,11.0246,934.0,93.0,1285977,75168,2,2015-09-03T00:00:00Z,2024-03-31T23:00:00Z,2024-07-17T12:10:08Z,https://data.icos-cp.eu/objects/IkbobpVLFSengsBoOoKJdS7J,ICOS_ATC_OBSPACK-Europe-L2-2024_HPB_93.0_CTS_CO2.zip,2,Atmospheric CO2 product,Hohenpeissenberg
90,StFXlzW7aieuu4OZfBODGjnE,True,HPB,DE,1,47.8011,11.0246,934.0,50.0,1274417,75168,2,2015-09-03T00:00:00Z,2024-03-31T23:00:00Z,2024-07-17T12:10:00Z,https://data.icos-cp.eu/objects/StFXlzW7aieuu4OZfBODGjnE,ICOS_ATC_OBSPACK-Europe-L2-2024_HPB_50.0_CTS_CO2.zip,2,Atmospheric CO2 product,Hohenpeissenberg
140,L0QQcUMO1Blgi3kiHxyWKTgp,True,KIT,DE,1,49.0915,8.4249,110.0,200.0,1244283,61370,2,2016-12-16T00:30:00Z,2024-04-30T23:30:00Z,2024-05-01T20:14:58.870486Z,https://data.icos-cp.eu/objects/L0QQcUMO1Blgi3kiHxyWKTgp,co2_kit_tower-insitu_39_allvalid-200magl.nc,4,Obspack CO2 time-series result,Karlsruhe
68,-k6lhqonOPM6Gb5MwG-eLfgF,True,KIT,DE,1,49.0915,8.4249,110.0,100.0,1247816,59934,2,2016-12-16T00:30:00Z,2024-04-30T23:30:00Z,2024-05-01T20:15:09.894614Z,https://data.icos-cp.eu/objects/-k6lhqonOPM6Gb5MwG-eLfgF,co2_kit_tower-insitu_39_allvalid-100magl.nc,4,Obspack CO2 time-series result,Karlsruhe
45,GfHlqttWe3tO5mQfoLU5s5lA,True,KIT,DE,1,49.0915,8.4249,110.0,60.0,1247877,59929,2,2016-12-16T00:30:00Z,2024-04-30T23:30:00Z,2024-05-01T20:14:37.241409Z,https://data.icos-cp.eu/objects/GfHlqttWe3tO5mQfoLU5s5lA,co2_kit_tower-insitu_39_allvalid-60magl.nc,4,Obspack CO2 time-series result,Karlsruhe
210,gOaKM6NYlw9BGMSjWm2vFehQ,True,KIT,DE,1,49.0915,8.4249,110.0,30.0,1232287,58982,2,2016-12-16T00:30:00Z,2024-04-30T23:30:00Z,2024-05-01T20:14:48.044193Z,https://data.icos-cp.eu/objects/gOaKM6NYlw9BGMSjWm2vFehQ,co2_kit_tower-insitu_39_allvalid-30magl.nc,4,Obspack CO2 time-series result,Karlsruhe
280,uB1N0zclFXJl7mqotRUU6_GX,True,KIT,DE,1,49.0915,8.4249,110.0,200.0,1321318,63736,2,2016-12-16T00:00:00Z,2024-03-31T23:00:00Z,2024-06-27T13:29:34Z,https://data.icos-cp.eu/objects/uB1N0zclFXJl7mqotRUU6_GX,ICOS_ATC_L2_L2-2024.1_KIT_200.0_CTS_CO2.zip,3,ICOS ATC CO2 Release,Karlsruhe
50,O-a4Y-x7I6JXywyj2pqrqfIy,True,KIT,DE,1,49.0915,8.4249,110.0,100.0,1278801,63736,2,2016-12-16T00:00:00Z,2024-03-31T23:00:00Z,2024-06-27T13:29:23Z,https://data.icos-cp.eu/objects/O-a4Y-x7I6JXywyj2pqrqfIy,ICOS_ATC_L2_L2-2024.1_KIT_100.0_CTS_CO2.zip,3,ICOS ATC CO2 Release,Karlsruhe
74,kzBWnNeVEfVvWDp9NAXI73ho,True,KIT,DE,1,49.0915,8.4249,110.0,60.0,1278994,63736,2,2016-12-16T00:00:00Z,2024-03-31T23:00:00Z,2024-06-27T13:29:58Z,https://data.icos-cp.eu/objects/kzBWnNeVEfVvWDp9NAXI73ho,ICOS_ATC_L2_L2-2024.1_KIT_60.0_CTS_CO2.zip,3,ICOS ATC CO2 Release,Karlsruhe
281,iN4ME6LNuJbyhLl8z3KM1iz2,True,KIT,DE,1,49.0915,8.4249,110.0,30.0,1261586,63736,2,2016-12-16T00:00:00Z,2024-03-31T23:00:00Z,2024-06-27T13:29:46Z,https://data.icos-cp.eu/objects/iN4ME6LNuJbyhLl8z3KM1iz2,ICOS_ATC_L2_L2-2024.1_KIT_30.0_CTS_CO2.zip,3,ICOS ATC CO2 Release,Karlsruhe
143,QWMEW6_o-99i0XPeThPxKsH5,True,KIT,DE,1,49.0915,8.4249,110.0,200.0,1131757,63736,2,2016-12-16T00:00:00Z,2024-03-31T23:00:00Z,2024-07-17T12:13:30Z,https://data.icos-cp.eu/objects/QWMEW6_o-99i0XPeThPxKsH5,ICOS_ATC_OBSPACK-Europe-L2-2024_KIT_200.0_CTS_CO2.zip,2,Atmospheric CO2 product,Karlsruhe
18,vpD1YIudQxWInDWnhUKlzKHU,True,KIT,DE,1,49.0915,8.4249,110.0,100.0,1111186,63736,2,2016-12-16T00:00:00Z,2024-03-31T23:00:00Z,2024-07-17T12:13:23Z,https://data.icos-cp.eu/objects/vpD1YIudQxWInDWnhUKlzKHU,ICOS_ATC_OBSPACK-Europe-L2-2024_KIT_100.0_CTS_CO2.zip,2,Atmospheric CO2 product,Karlsruhe
193,BwTkIBC1gYqhQvLDbB3841dR,True,KIT,DE,1,49.0915,8.4249,110.0,60.0,1106975,63736,2,2016-12-16T00:00:00Z,2024-03-31T23:00:00Z,2024-07-17T12:13:43Z,https://data.icos-cp.eu/objects/BwTkIBC1gYqhQvLDbB3841dR,ICOS_ATC_OBSPACK-Europe-L2-2024_KIT_60.0_CTS_CO2.zip,2,Atmospheric CO2 product,Karlsruhe
222,h3zxeMOFNW10NFrKt9hrn71J,True,KIT,DE,1,49.0915,8.4249,110.0,30.0,1098600,63736,2,2016-12-16T00:00:00Z,2024-03-31T23:00:00Z,2024-07-17T12:13:36Z,https://data.icos-cp.eu/objects/h3zxeMOFNW10NFrKt9hrn71J,ICOS_ATC_OBSPACK-Europe-L2-2024_KIT_30.0_CTS_CO2.zip,2,Atmospheric CO2 product,Karlsruhe
147,bKVTcIZNef9G5daLLE6uscHT,True,LIN,DE,1,52.1663,14.1226,73.0,98.0,1410939,69815,2,2015-10-08T00:30:00Z,2024-04-30T23:30:00Z,2024-05-01T20:17:11.733010Z,https://data.icos-cp.eu/objects/bKVTcIZNef9G5daLLE6uscHT,co2_lin_tower-insitu_147_allvalid-98magl.nc,4,Obspack CO2 time-series result,Lindenberg
282,LnQAGGzr-hX0ltwDmp4uY8q3,True,LIN,DE,1,52.1663,14.1226,73.0,40.0,1416199,68787,2,2015-10-08T00:30:00Z,2024-04-30T23:30:00Z,2024-05-01T20:17:24.724871Z,https://data.icos-cp.eu/objects/LnQAGGzr-hX0ltwDmp4uY8q3,co2_lin_tower-insitu_147_allvalid-40magl.nc,4,Obspack CO2 time-series result,Lindenberg
218,KxBcLw0LrcRiJ7jNY5IyJIF8,True,LIN,DE,1,52.1663,14.1226,73.0,10.0,1374119,66343,2,2015-10-08T00:30:00Z,2024-04-30T23:30:00Z,2024-05-01T20:18:00.337680Z,https://data.icos-cp.eu/objects/KxBcLw0LrcRiJ7jNY5IyJIF8,co2_lin_tower-insitu_147_allvalid-10magl.nc,4,Obspack CO2 time-series result,Lindenberg
85,lV4pcK1ZkHil2gyRj3ul8eJr,True,LIN,DE,1,52.1663,14.1226,73.0,2.5,1372919,66031,2,2015-10-08T00:30:00Z,2024-04-30T23:30:00Z,2024-05-01T20:17:48.956549Z,https://data.icos-cp.eu/objects/lV4pcK1ZkHil2gyRj3ul8eJr,co2_lin_tower-insitu_147_allvalid-2magl.nc,4,Obspack CO2 time-series result,Lindenberg
72,52SXAeFYKMFuI7UhiXGbw3tF,True,LIN,DE,1,52.1663,14.1226,73.0,98.0,1452200,73738,2,2015-10-08T00:00:00Z,2024-03-31T23:00:00Z,2024-06-27T13:32:41Z,https://data.icos-cp.eu/objects/52SXAeFYKMFuI7UhiXGbw3tF,ICOS_ATC_L2_L2-2024.1_LIN_98.0_CTS_CO2.zip,3,ICOS ATC CO2 Release,Lindenberg
133,sgIB_r95jDH3CyAETAG4N8TM,True,LIN,DE,1,52.1663,14.1226,73.0,40.0,1434044,73738,2,2015-10-08T00:00:00Z,2024-03-31T23:00:00Z,2024-06-27T13:32:25Z,https://data.icos-cp.eu/objects/sgIB_r95jDH3CyAETAG4N8TM,ICOS_ATC_L2_L2-2024.1_LIN_40.0_CTS_CO2.zip,3,ICOS ATC CO2 Release,Lindenberg
167,L2L9EcTG_79EvB0Q4GhU4Ray,True,LIN,DE,1,52.1663,14.1226,73.0,10.0,1419566,73738,2,2015-10-08T00:00:00Z,2024-03-31T23:00:00Z,2024-06-27T13:32:00Z,https://data.icos-cp.eu/objects/L2L9EcTG_79EvB0Q4GhU4Ray,ICOS_ATC_L2_L2-2024.1_LIN_10.0_CTS_CO2.zip,3,ICOS ATC CO2 Release,Lindenberg
292,2jY4txwUSVbmO_fViGjcc6DH,True,LIN,DE,1,52.1663,14.1226,73.0,2.5,1431922,73738,2,2015-10-08T00:00:00Z,2024-03-31T23:00:00Z,2024-06-27T13:32:13Z,https://data.icos-cp.eu/objects/2jY4txwUSVbmO_fViGjcc6DH,ICOS_ATC_L2_L2-2024.1_LIN_2.5_CTS_CO2.zip,3,ICOS ATC CO2 Release,Lindenberg
190,ofSYRN_jK1op1dbWXsgIUHEu,True,LIN,DE,1,52.1663,14.1226,73.0,98.0,1259747,73738,2,2015-10-08T00:00:00Z,2024-03-31T23:00:00Z,2024-07-17T12:14:48Z,https://data.icos-cp.eu/objects/ofSYRN_jK1op1dbWXsgIUHEu,ICOS_ATC_OBSPACK-Europe-L2-2024_LIN_98.0_CTS_CO2.zip,2,Atmospheric CO2 product,Lindenberg
0,-xo5PJSSSAax7S0zmnNxWY1_,True,LIN,DE,1,52.1663,14.1226,73.0,40.0,1244849,73738,2,2015-10-08T00:00:00Z,2024-03-31T23:00:00Z,2024-07-17T12:14:41Z,https://data.icos-cp.eu/objects/-xo5PJSSSAax7S0zmnNxWY1_,ICOS_ATC_OBSPACK-Europe-L2-2024_LIN_40.0_CTS_CO2.zip,2,Atmospheric CO2 product,Lindenberg
115,3n12pI5xUtl-_4UFkjW2IXqB,True,LIN,DE,1,52.1663,14.1226,73.0,10.0,1233707,73738,2,2015-10-08T00:00:00Z,2024-03-31T23:00:00Z,2024-07-17T12:14:26Z,https://data.icos-cp.eu/objects/3n12pI5xUtl-_4UFkjW2IXqB,ICOS_ATC_OBSPACK-Europe-L2-2024_LIN_10.0_CTS_CO2.zip,2,Atmospheric CO2 product,Lindenberg
269,AuDHfG4gKlF9dIn0r20b_rWu,True,LIN,DE,1,52.1663,14.1226,73.0,2.5,1243982,73738,2,2015-10-08T00:00:00Z,2024-03-31T23:00:00Z,2024-07-17T12:14:33Z,https://data.icos-cp.eu/objects/AuDHfG4gKlF9dIn0r20b_rWu,ICOS_ATC_OBSPACK-Europe-L2-2024_LIN_2.5_CTS_CO2.zip,2,Atmospheric CO2 product,Lindenberg
75,5ko5SnBjzQiLmrQbYGAT08Dh,True,SSL,DE,2,47.9167,7.9166,1205.0,12.0,6215726,412467,2,1972-01-01T00:30:00Z,2024-04-30T23:30:00Z,2024-05-01T20:26:00.404242Z,https://data.icos-cp.eu/objects/5ko5SnBjzQiLmrQbYGAT08Dh,co2_ssl_tower-insitu_23_allvalid-12magl.nc,4,Obspack CO2 time-series result,Schauinsland
177,fY6cgo0j9j_UxyGZ33Fkz0wJ,True,SSL,DE,2,47.9167,7.9166,1205.0,12.0,4944710,458010,2,1972-01-01T00:00:00Z,2024-03-31T23:00:00Z,2024-07-17T12:45:36Z,https://data.icos-cp.eu/objects/fY6cgo0j9j_UxyGZ33Fkz0wJ,ICOS_ATC_OBSPACK-Europe-L2-2024_SSL_12.0_CTS_CO2.zip,2,Atmospheric CO2 product,Schauinsland
145,l0bMrl1zIDYgODs53pUmNUsq,True,TOH,DE,2,51.8088,10.535,801.0,147.0,1078834,53322,2,2017-12-13T01:30:00Z,2024-04-30T22:30:00Z,2024-05-01T20:28:50.327043Z,https://data.icos-cp.eu/objects/l0bMrl1zIDYgODs53pUmNUsq,co2_toh_tower-insitu_147_allvalid-147magl.nc,4,Obspack CO2 time-series result,Torfhaus
199,H-K-bIIaTAlE4qLgfBr2t-1M,True,TOH,DE,2,51.8088,10.535,801.0,110.0,1077872,53561,2,2017-12-13T00:30:00Z,2024-04-30T23:30:00Z,2024-05-01T20:29:00.494974Z,https://data.icos-cp.eu/objects/H-K-bIIaTAlE4qLgfBr2t-1M,co2_toh_tower-insitu_147_allvalid-110magl.nc,4,Obspack CO2 time-series result,Torfhaus
81,oNULmJNSwF0u4Z_xyjuFY6Js,True,TOH,DE,2,51.8088,10.535,801.0,76.0,1078356,54008,2,2017-12-13T00:30:00Z,2024-04-30T23:30:00Z,2024-05-01T20:28:40.259221Z,https://data.icos-cp.eu/objects/oNULmJNSwF0u4Z_xyjuFY6Js,co2_toh_tower-insitu_147_allvalid-76magl.nc,4,Obspack CO2 time-series result,Torfhaus
149,drcd2kLJPWADWnCHeRWMJq6W,True,TOH,DE,2,51.8088,10.535,801.0,10.0,1080556,53978,2,2017-12-13T00:30:00Z,2024-04-30T23:30:00Z,2024-05-01T20:29:10.485164Z,https://data.icos-cp.eu/objects/drcd2kLJPWADWnCHeRWMJq6W,co2_toh_tower-insitu_147_allvalid-10magl.nc,4,Obspack CO2 time-series result,Torfhaus
202,RPgy3ebhGR982J6rfY5W0SXm,True,TOH,DE,2,51.8088,10.535,801.0,147.0,1084323,55188,2,2017-12-12T00:00:00Z,2024-03-31T23:00:00Z,2024-06-27T13:42:37Z,https://data.icos-cp.eu/objects/RPgy3ebhGR982J6rfY5W0SXm,ICOS_ATC_L2_L2-2024.1_TOH_147.0_CTS_CO2.zip,3,ICOS ATC CO2 Release,Torfhaus
7,JobtQTllXPk0azsVv2NxTY48,True,TOH,DE,2,51.8088,10.535,801.0,110.0,1085154,55188,2,2017-12-12T00:00:00Z,2024-03-31T23:00:00Z,2024-06-27T13:42:28Z,https://data.icos-cp.eu/objects/JobtQTllXPk0azsVv2NxTY48,ICOS_ATC_L2_L2-2024.1_TOH_110.0_CTS_CO2.zip,3,ICOS ATC CO2 Release,Torfhaus
24,U3tqTTXHr7YpMAd2un7gvgeU,True,TOH,DE,2,51.8088,10.535,801.0,76.0,1087287,55188,2,2017-12-12T00:00:00Z,2024-03-31T23:00:00Z,2024-06-27T13:42:47Z,https://data.icos-cp.eu/objects/U3tqTTXHr7YpMAd2un7gvgeU,ICOS_ATC_L2_L2-2024.1_TOH_76.0_CTS_CO2.zip,3,ICOS ATC CO2 Release,Torfhaus
284,64lfAWLL3mVzLveMM2dpiPpV,True,TOH,DE,2,51.8088,10.535,801.0,10.0,1089784,55188,2,2017-12-12T00:00:00Z,2024-03-31T23:00:00Z,2024-06-27T13:42:17Z,https://data.icos-cp.eu/objects/64lfAWLL3mVzLveMM2dpiPpV,ICOS_ATC_L2_L2-2024.1_TOH_10.0_CTS_CO2.zip,3,ICOS ATC CO2 Release,Torfhaus
238,LCgNcnzi5oEIMKntpU8XfynL,True,TOH,DE,2,51.8088,10.535,801.0,147.0,940440,55188,2,2017-12-12T00:00:00Z,2024-03-31T23:00:00Z,2024-07-17T12:49:29Z,https://data.icos-cp.eu/objects/LCgNcnzi5oEIMKntpU8XfynL,ICOS_ATC_OBSPACK-Europe-L2-2024_TOH_147.0_CTS_CO2.zip,2,Atmospheric CO2 product,Torfhaus
183,ypN8pJqg5Ga65BTifEANV29j,True,TOH,DE,2,51.8088,10.535,801.0,110.0,941270,55188,2,2017-12-12T00:00:00Z,2024-03-31T23:00:00Z,2024-07-17T12:49:18Z,https://data.icos-cp.eu/objects/ypN8pJqg5Ga65BTifEANV29j,ICOS_ATC_OBSPACK-Europe-L2-2024_TOH_110.0_CTS_CO2.zip,2,Atmospheric CO2 product,Torfhaus
61,kAvAnmLNIjWATVeVzz6kGKWX,True,TOH,DE,2,51.8088,10.535,801.0,76.0,939625,55188,2,2017-12-12T00:00:00Z,2024-03-31T23:00:00Z,2024-07-17T12:49:40Z,https://data.icos-cp.eu/objects/kAvAnmLNIjWATVeVzz6kGKWX,ICOS_ATC_OBSPACK-Europe-L2-2024_TOH_76.0_CTS_CO2.zip,2,Atmospheric CO2 product,Torfhaus
150,bD_Y7vV65EpXDoNdCaS6FZzb,True,TOH,DE,2,51.8088,10.535,801.0,10.0,942383,55188,2,2017-12-12T00:00:00Z,2024-03-31T23:00:00Z,2024-07-17T12:49:08Z,https://data.icos-cp.eu/objects/bD_Y7vV65EpXDoNdCaS6FZzb,ICOS_ATC_OBSPACK-Europe-L2-2024_TOH_10.0_CTS_CO2.zip,2,Atmospheric CO2 product,Torfhaus
266,KSSNdWKuaeYxK-YQyt7ji4r0,True,ZSF,DE,2,47.4165,10.9796,2666.0,3.0,2814963,175975,2,2002-01-01T00:30:00Z,2024-04-30T23:30:00Z,2024-05-01T20:31:42.183289Z,https://data.icos-cp.eu/objects/KSSNdWKuaeYxK-YQyt7ji4r0,co2_zsf_surface-insitu_25_allvalid.nc,4,Obspack CO2 time-series result,Zugspitze
14,1OeXFyb6hJCBZCm-T2CTGDEw,True,JAR,EE,no,58.2776,27.3082,36.0,110.0,796437,41793,2,2016-02-26T19:30:00Z,2020-12-31T23:30:00Z,2024-05-01T20:14:02.908487Z,https://data.icos-cp.eu/objects/1OeXFyb6hJCBZCm-T2CTGDEw,co2_jar_tower-insitu_475_allvalid-110magl.nc,4,Obspack CO2 time-series result,Järvselja
173,9eXLyUjShWeCDN_DE8RqXdno,True,JAR,EE,no,58.2776,27.3082,36.0,90.0,796781,41799,2,2016-02-26T19:30:00Z,2020-12-31T23:30:00Z,2024-05-01T20:13:35.790327Z,https://data.icos-cp.eu/objects/9eXLyUjShWeCDN_DE8RqXdno,co2_jar_tower-insitu_475_allvalid-90magl.nc,4,Obspack CO2 time-series result,Järvselja
264,ErjUpmIqrUkwJK9g2kMqgVyz,True,JAR,EE,no,58.2776,27.3082,36.0,70.0,797287,41801,2,2016-02-26T19:30:00Z,2020-12-31T23:30:00Z,2024-05-01T20:13:42.353382Z,https://data.icos-cp.eu/objects/ErjUpmIqrUkwJK9g2kMqgVyz,co2_jar_tower-insitu_475_allvalid-70magl.nc,4,Obspack CO2 time-series result,Järvselja
184,SkBmJo2drFl4hsrYn0on2M_g,True,JAR,EE,no,58.2776,27.3082,36.0,50.0,798000,41800,2,2016-02-26T19:30:00Z,2020-12-31T23:30:00Z,2024-05-01T20:13:49.265773Z,https://data.icos-cp.eu/objects/SkBmJo2drFl4hsrYn0on2M_g,co2_jar_tower-insitu_475_allvalid-50magl.nc,4,Obspack CO2 time-series result,Järvselja
113,vz-80iYCEtO7WhgUx0kgCpvc,True,JAR,EE,no,58.2776,27.3082,36.0,30.0,799374,41799,2,2016-02-26T19:30:00Z,2020-12-31T23:30:00Z,2024-05-01T20:13:56.196115Z,https://data.icos-cp.eu/objects/vz-80iYCEtO7WhgUx0kgCpvc,co2_jar_tower-insitu_475_allvalid-30magl.nc,4,Obspack CO2 time-series result,Järvselja
163,3M5gqaCNk6ncvMMdgFi9swHk,True,JAR,EE,no,58.2776,27.3082,36.0,110.0,879960,70949,2,2016-02-26T19:00:00Z,2024-03-31T23:00:00Z,2024-07-17T12:12:04Z,https://data.icos-cp.eu/objects/3M5gqaCNk6ncvMMdgFi9swHk,ICOS_ATC_OBSPACK-Europe-L2-2024_JAR_110.0_CTS_CO2.zip,2,Atmospheric CO2 product,Järvselja
242,5_g_u0bx9-S1gWvwrJhrdV7c,True,JAR,EE,no,58.2776,27.3082,36.0,90.0,881833,70949,2,2016-02-26T19:00:00Z,2024-03-31T23:00:00Z,2024-07-17T12:12:34Z,https://data.icos-cp.eu/objects/5_g_u0bx9-S1gWvwrJhrdV7c,ICOS_ATC_OBSPACK-Europe-L2-2024_JAR_90.0_CTS_CO2.zip,2,Atmospheric CO2 product,Järvselja
135,b9CdCEdLAp7Oyw1D5KBqGPeU,True,JAR,EE,no,58.2776,27.3082,36.0,70.0,883041,70949,2,2016-02-26T19:00:00Z,2024-03-31T23:00:00Z,2024-07-17T12:12:27Z,https://data.icos-cp.eu/objects/b9CdCEdLAp7Oyw1D5KBqGPeU,ICOS_ATC_OBSPACK-Europe-L2-2024_JAR_70.0_CTS_CO2.zip,2,Atmospheric CO2 product,Järvselja
144,Sd3GkVWH7vCPMbd55C8tIOIo,True,JAR,EE,no,58.2776,27.3082,36.0,50.0,884830,70949,2,2016-02-26T19:00:00Z,2024-03-31T23:00:00Z,2024-07-17T12:12:19Z,https://data.icos-cp.eu/objects/Sd3GkVWH7vCPMbd55C8tIOIo,ICOS_ATC_OBSPACK-Europe-L2-2024_JAR_50.0_CTS_CO2.zip,2,Atmospheric CO2 product,Järvselja
273,JNiTpEHvnfkhss3NnTNNSWEK,True,JAR,EE,no,58.2776,27.3082,36.0,30.0,888017,70949,2,2016-02-26T19:00:00Z,2024-03-31T23:00:00Z,2024-07-17T12:12:12Z,https://data.icos-cp.eu/objects/JNiTpEHvnfkhss3NnTNNSWEK,ICOS_ATC_OBSPACK-Europe-L2-2024_JAR_30.0_CTS_CO2.zip,2,Atmospheric CO2 product,Järvselja
111,_Cmhztursm5K7cKbtCiqMIrK,True,DEC,ES,no,40.7439,0.7866,0.0,10.0,607020,34523,2,2013-01-02T15:30:00Z,2020-01-20T11:30:00Z,2024-05-01T20:06:08.653396Z,https://data.icos-cp.eu/objects/_Cmhztursm5K7cKbtCiqMIrK,co2_dec_surface-insitu_431_allvalid.nc,4,Obspack CO2 time-series result,Ebre River Delta
247,3ABlvZ67Pm27P2tHLkSX6cvt,True,DEC,ES,no,40.7439,0.7866,0.0,10.0,595368,65712,2,2013-01-01T00:00:00Z,2020-06-30T23:00:00Z,2024-07-17T12:08:04Z,https://data.icos-cp.eu/objects/3ABlvZ67Pm27P2tHLkSX6cvt,ICOS_ATC_OBSPACK-Europe-L2-2024_DEC_10.0_CTS_CO2.zip,2,Atmospheric CO2 product,Ebre River Delta
171,E_IsGia5Q8SMG9UeKaIMSmg5,True,EEC,ES,no,36.0586,-5.664,20.0,20.0,324480,12817,2,2015-03-01T00:30:00Z,2018-08-05T08:30:00Z,2024-05-01T20:06:13.835887Z,https://data.icos-cp.eu/objects/E_IsGia5Q8SMG9UeKaIMSmg5,co2_eec_surface-insitu_431_allvalid.nc,4,Obspack CO2 time-series result,El Estrecho
60,ZUm-OOKYKNGTqMzBG1kuN5Rg,True,EEC,ES,no,36.0586,-5.664,20.0,20.0,294759,30120,2,2015-03-01T00:00:00Z,2018-08-06T23:00:00Z,2024-07-17T12:08:09Z,https://data.icos-cp.eu/objects/ZUm-OOKYKNGTqMzBG1kuN5Rg,ICOS_ATC_OBSPACK-Europe-L2-2024_EEC_20.0_CTS_CO2.zip,2,Atmospheric CO2 product,El Estrecho
180,DtCTwxbWmW7aWNKx97leHtMQ,True,GIC,ES,no,40.3457,-5.1755,1436.0,20.0,636506,34522,2,2013-01-01T00:30:00Z,2018-09-26T00:30:00Z,2024-05-01T20:07:36.202217Z,https://data.icos-cp.eu/objects/DtCTwxbWmW7aWNKx97leHtMQ,co2_gic_surface-insitu_431_allvalid.nc,4,Obspack CO2 time-series result,Gredos
114,IdR1cf1huu2wxX5017gkKAIh,True,GIC,ES,no,40.3457,-5.1755,1436.0,20.0,521802,50304,2,2013-01-01T00:00:00Z,2018-09-27T23:00:00Z,2024-07-17T12:09:06Z,https://data.icos-cp.eu/objects/IdR1cf1huu2wxX5017gkKAIh,ICOS_ATC_OBSPACK-Europe-L2-2024_GIC_20.0_CTS_CO2.zip,2,Atmospheric CO2 product,Gredos
93,cUZOa_6OObQ_uufapmnr5eWX,True,LMU,ES,no,41.6,-1.1,3000.0,79.0,711369,37649,2,2016-03-17T20:30:00Z,2021-11-18T00:30:00Z,2024-05-01T20:16:18.634872Z,https://data.icos-cp.eu/objects/cUZOa_6OObQ_uufapmnr5eWX,co2_lmu_surface-insitu_431_allvalid.nc,4,Obspack CO2 time-series result,La Muela
270,6iwHE94GkC8WynuwRiWzfkQR,True,LMU,ES,no,41.5941,-1.1003,571.0,80.0,2374393,22687,2,2016-03-17T20:00:00Z,2018-12-31T23:00:00Z,2019-06-06T07:42:44Z,https://data.icos-cp.eu/objects/6iwHE94GkC8WynuwRiWzfkQR,LMU_80m_air.hdf.all.COMBI_Drought2018_20190522.co2,2,Atmospheric CO2 product,La Muela
294,wNNtF7XJcE0yU8TTjBb9snep,True,LMU,ES,no,41.6,-1.1,3000.0,79.0,551579,49776,2,2016-03-17T00:00:00Z,2021-11-19T23:00:00Z,2024-07-17T12:15:07Z,https://data.icos-cp.eu/objects/wNNtF7XJcE0yU8TTjBb9snep,ICOS_ATC_OBSPACK-Europe-L2-2024_LMU_79.0_CTS_CO2.zip,2,Atmospheric CO2 product,La Muela
127,2UkVbwnUocQEveXOcRVblZct,True,SGC,ES,no,36.6956,-5.3975,850.0,20.0,317588,12540,2,2015-12-22T00:30:00Z,2018-01-31T23:30:00Z,2024-05-01T20:26:14.388325Z,https://data.icos-cp.eu/objects/2UkVbwnUocQEveXOcRVblZct,co2_sgc_surface-insitu_431_allvalid.nc,4,Obspack CO2 time-series result,Sierra de Grazalema
121,VW07LijI6O8B-nKjlLrU2oSe,True,SGC,ES,no,36.6956,-5.3975,850.0,20.0,212247,18552,2,2015-12-22T00:00:00Z,2018-02-01T23:00:00Z,2024-07-17T12:20:48Z,https://data.icos-cp.eu/objects/VW07LijI6O8B-nKjlLrU2oSe,ICOS_ATC_OBSPACK-Europe-L2-2024_SGC_20.0_CTS_CO2.zip,2,Atmospheric CO2 product,Sierra de Grazalema
57,IyDYSHYiNLa_WpobcWcU2JWE,True,PAL,FI,1,67.9733,24.1157,565.0,12.0,3532024,214526,2,1998-07-01T15:30:00Z,2024-04-30T23:30:00Z,2024-05-01T20:22:06.740473Z,https://data.icos-cp.eu/objects/IyDYSHYiNLa_WpobcWcU2JWE,co2_pal_surface-insitu_30_allvalid.nc,4,Obspack CO2 time-series result,Pallas
69,W1KxBw4QLCVKxiEiOVSPoLCU,True,PAL,FI,1,67.9733,24.1157,565.0,12.0,1082451,57336,2,2017-09-16T00:00:00Z,2024-03-31T23:00:00Z,2024-06-28T07:27:28Z,https://data.icos-cp.eu/objects/W1KxBw4QLCVKxiEiOVSPoLCU,ICOS_ATC_L2_L2-2024.1_PAL_12.0_CTS_CO2.zip,3,ICOS ATC CO2 Release,Pallas
11,xfCl_r28O7T6dUpWkSjErjNJ,True,PAL,FI,1,67.9733,24.1157,565.0,12.0,2983564,225670,2,1998-07-01T02:00:00Z,2024-03-31T23:00:00Z,2024-07-17T12:18:05Z,https://data.icos-cp.eu/objects/xfCl_r28O7T6dUpWkSjErjNJ,ICOS_ATC_OBSPACK-Europe-L2-2024_PAL_12.0_CTS_CO2.zip,2,Atmospheric CO2 product,Pallas
198,qDu-I3BugyMgah_IXBr3qDGx,True,PUI,FI,2,62.9096,27.6549,232.0,84.0,1375022,70487,2,2016-02-04T00:30:00Z,2024-04-29T23:30:00Z,2024-05-01T20:22:52.730237Z,https://data.icos-cp.eu/objects/qDu-I3BugyMgah_IXBr3qDGx,co2_pui_tower-insitu_471_allvalid-84magl.nc,4,Obspack CO2 time-series result,Puijo
4,wZ8-aImx7zbPhnG9CKXt_zhA,True,PUI,FI,2,62.9096,27.6549,232.0,84.0,1219007,72862,2,2015-12-09T00:00:00Z,2024-03-31T23:00:00Z,2024-07-17T12:18:56Z,https://data.icos-cp.eu/objects/wZ8-aImx7zbPhnG9CKXt_zhA,ICOS_ATC_OBSPACK-Europe-L2-2024_PUI_84.0_CTS_CO2.zip,2,Atmospheric CO2 product,Puijo
117,CA-Gn5PPp5lu5mUX_1y57Ttg,True,SMR,FI,1,61.8474,24.2947,181.0,125.0,1408565,74127,2,2015-05-03T00:30:00Z,2024-04-30T23:30:00Z,2024-05-01T20:12:00.590120Z,https://data.icos-cp.eu/objects/CA-Gn5PPp5lu5mUX_1y57Ttg,co2_smr_tower-insitu_421_allvalid-125magl.nc,4,Obspack CO2 time-series result,Hyytiälä
277,9mFyTzYQQ_825SlcBJyxk4vL,True,SMR,FI,1,61.8474,24.2947,181.0,67.2,1411830,74129,2,2015-05-03T00:30:00Z,2024-04-30T23:30:00Z,2024-05-01T20:11:35.983996Z,https://data.icos-cp.eu/objects/9mFyTzYQQ_825SlcBJyxk4vL,co2_smr_tower-insitu_421_allvalid-67magl.nc,4,Obspack CO2 time-series result,Hyytiälä
212,-qptdA9C7Mc8YMqhUWfLj3pK,True,SMR,FI,1,61.8474,24.2947,181.0,16.8,1416879,74489,2,2015-05-03T00:30:00Z,2024-04-30T23:30:00Z,2024-05-01T20:11:48.433559Z,https://data.icos-cp.eu/objects/-qptdA9C7Mc8YMqhUWfLj3pK,co2_smr_tower-insitu_421_allvalid-16magl.nc,4,Obspack CO2 time-series result,Hyytiälä
229,ZabXGd1p3LsL4pXMMvYf7C0D,True,SMR,FI,1,61.8474,24.2947,181.0,125.0,1208271,63971,2,2016-12-13T00:00:00Z,2024-03-31T23:00:00Z,2024-06-27T13:38:49Z,https://data.icos-cp.eu/objects/ZabXGd1p3LsL4pXMMvYf7C0D,ICOS_ATC_L2_L2-2024.1_SMR_125.0_CTS_CO2.zip,3,ICOS ATC CO2 Release,Hyytiälä
95,35BFfFD4PpruQ_BIJYfiiGyK,True,SMR,FI,1,61.8474,24.2947,181.0,67.2,1212212,63971,2,2016-12-13T00:00:00Z,2024-03-31T23:00:00Z,2024-06-27T13:39:20Z,https://data.icos-cp.eu/objects/35BFfFD4PpruQ_BIJYfiiGyK,ICOS_ATC_L2_L2-2024.1_SMR_67.2_CTS_CO2.zip,3,ICOS ATC CO2 Release,Hyytiälä
116,qR1ln3ZqK61vMMfJlau7okQY,True,SMR,FI,1,61.8474,24.2947,181.0,16.8,1222336,63972,2,2016-12-13T00:00:00Z,2024-03-31T23:00:00Z,2024-06-27T13:39:05Z,https://data.icos-cp.eu/objects/qR1ln3ZqK61vMMfJlau7okQY,ICOS_ATC_L2_L2-2024.1_SMR_16.8_CTS_CO2.zip,3,ICOS ATC CO2 Release,Hyytiälä
34,u1-4eRYD6Wcr9BLGOwtldvUV,True,SMR,FI,1,61.8474,24.2947,181.0,125.0,1265843,78131,2,2015-05-03T00:00:00Z,2024-03-31T23:00:00Z,2024-07-17T12:20:57Z,https://data.icos-cp.eu/objects/u1-4eRYD6Wcr9BLGOwtldvUV,ICOS_ATC_OBSPACK-Europe-L2-2024_SMR_125.0_CTS_CO2.zip,2,Atmospheric CO2 product,Hyytiälä
291,idrfkNzwT6-PAaewA8gbJCwU,True,SMR,FI,1,61.8474,24.2947,181.0,67.2,1272044,78131,2,2015-05-03T00:00:00Z,2024-03-31T23:00:00Z,2024-07-17T12:21:19Z,https://data.icos-cp.eu/objects/idrfkNzwT6-PAaewA8gbJCwU,ICOS_ATC_OBSPACK-Europe-L2-2024_SMR_67.2_CTS_CO2.zip,2,Atmospheric CO2 product,Hyytiälä
129,IPYzYhxC5kWUghsUCkfdxZS4,True,SMR,FI,1,61.8474,24.2947,181.0,16.8,1281766,78132,2,2015-05-03T00:00:00Z,2024-03-31T23:00:00Z,2024-07-17T12:21:09Z,https://data.icos-cp.eu/objects/IPYzYhxC5kWUghsUCkfdxZS4,ICOS_ATC_OBSPACK-Europe-L2-2024_SMR_16.8_CTS_CO2.zip,2,Atmospheric CO2 product,Hyytiälä
105,QOMBp8Gv1kEwwGfmbYp8vfkk,True,UTO,FI,2,59.7839,21.3672,8.0,57.0,1730119,97897,2,2012-03-24T00:30:00Z,2024-04-30T23:30:00Z,2024-05-01T20:30:27.928075Z,https://data.icos-cp.eu/objects/QOMBp8Gv1kEwwGfmbYp8vfkk,co2_uto_surface-insitu_30_allvalid.nc,4,Obspack CO2 time-series result,Utö - Baltic sea
251,yKYwcktGA3VfhyUBvlHJUmK4,True,UTO,FI,2,59.7839,21.3672,8.0,57.0,1440964,105408,2,2012-03-23T00:00:00Z,2024-03-31T23:00:00Z,2024-07-17T12:51:00Z,https://data.icos-cp.eu/objects/yKYwcktGA3VfhyUBvlHJUmK4,ICOS_ATC_OBSPACK-Europe-L2-2024_UTO_57.0_CTS_CO2.zip,2,Atmospheric CO2 product,Utö - Baltic sea
175,IQocuWuD7YNjZf8iLXpcslL3,True,BIS,FR,no,44.3781,-1.2311,73.0,47.0,2149039,111330,2,2005-05-01T00:30:00Z,2023-03-31T23:30:00Z,2024-05-01T20:03:49.245284Z,https://data.icos-cp.eu/objects/IQocuWuD7YNjZf8iLXpcslL3,co2_bis_surface-insitu_11_allvalid.nc,4,Obspack CO2 time-series result,Biscarrosse
158,Ov-VV-yXWZ0CyTdTRLNN9xaO,True,BIS,FR,no,44.3781,-1.2311,73.0,47.0,2310459,164567,2,2005-05-01T00:00:00Z,2024-03-31T23:00:00Z,2024-07-17T12:05:58Z,https://data.icos-cp.eu/objects/Ov-VV-yXWZ0CyTdTRLNN9xaO,ICOS_ATC_OBSPACK-Europe-L2-2024_BIS_47.0_CTS_CO2.zip,2,Atmospheric CO2 product,Biscarrosse
250,cMqL_xMr78O6qhJ2nQTBFjub,True,CRA,FR,no,43.1298,0.3692,600.0,60.0,738299,33101,2,2014-04-23T15:30:00Z,2023-03-31T23:30:00Z,2024-05-01T20:05:55.823420Z,https://data.icos-cp.eu/objects/cMqL_xMr78O6qhJ2nQTBFjub,co2_cra_tower-insitu_473_allvalid-60magl.nc,4,Obspack CO2 time-series result,Centre de Recherches Atmosphériques
216,ig2aqlVikuU5IZdu9Q6RAkGA,True,CRA,FR,no,43.1298,0.3692,600.0,60.0,742767,43896,2,2014-04-23T00:00:00Z,2024-03-31T23:00:00Z,2024-07-17T12:07:45Z,https://data.icos-cp.eu/objects/ig2aqlVikuU5IZdu9Q6RAkGA,ICOS_ATC_OBSPACK-Europe-L2-2024_CRA_60.0_CTS_CO2.zip,2,Atmospheric CO2 product,Centre de Recherches Atmosphériques
152,NADQ37FQGYLDsUJNvhGUdUAS,True,ERS,FR,no,42.9692,9.3801,533.0,40.0,1243244,60830,2,2013-04-25T15:30:00Z,2023-03-31T23:30:00Z,2024-05-01T20:06:21.626240Z,https://data.icos-cp.eu/objects/NADQ37FQGYLDsUJNvhGUdUAS,co2_ers_surface-insitu_11_allvalid.nc,4,Obspack CO2 time-series result,Ersa
164,wZf6Mt3AIgOOPwLW3urlv3bC,True,ERS,FR,no,42.9692,9.3801,533.0,40.0,1309085,83996,2,2013-04-25T00:00:00Z,2024-03-31T23:00:00Z,2024-07-17T12:08:16Z,https://data.icos-cp.eu/objects/wZf6Mt3AIgOOPwLW3urlv3bC,ICOS_ATC_OBSPACK-Europe-L2-2024_ERS_40.0_CTS_CO2.zip,2,Atmospheric CO2 product,Ersa
15,wzhwqCuKIgzQlzQsMfqRpjBJ,True,OHP,FR,no,43.931,5.712,650.0,100.0,1409001,69624,2,2014-07-16T00:30:00Z,2023-03-31T23:30:00Z,2024-05-01T20:20:14.375042Z,https://data.icos-cp.eu/objects/wzhwqCuKIgzQlzQsMfqRpjBJ,co2_ohp_tower-insitu_468_allvalid-100magl.nc,4,Obspack CO2 time-series result,Observatoire de Haute Provence
260,_X_Dl3VsVCpC6ef96OcnbSRJ,True,OHP,FR,no,43.931,5.712,650.0,50.0,1332962,64924,2,2015-01-29T16:30:00Z,2023-03-31T23:30:00Z,2024-05-01T20:20:04.430573Z,https://data.icos-cp.eu/objects/_X_Dl3VsVCpC6ef96OcnbSRJ,co2_ohp_tower-insitu_468_allvalid-50magl.nc,4,Obspack CO2 time-series result,Observatoire de Haute Provence
275,vaRoXn21eJ00A9ULkQWwrOyG,True,OHP,FR,no,43.931,5.712,650.0,10.0,1421803,69936,2,2014-07-16T00:30:00Z,2023-03-31T23:30:00Z,2024-05-01T20:20:25.132703Z,https://data.icos-cp.eu/objects/vaRoXn21eJ00A9ULkQWwrOyG,co2_ohp_tower-insitu_468_allvalid-10magl.nc,4,Obspack CO2 time-series result,Observatoire de Haute Provence
296,sgfgxmNK58rm3f1-0PPJFeGJ,True,OHP,FR,no,43.931,5.712,650.0,100.0,1359611,84240,2,2014-07-16T00:00:00Z,2024-03-31T23:00:00Z,2024-07-17T12:16:44Z,https://data.icos-cp.eu/objects/sgfgxmNK58rm3f1-0PPJFeGJ,ICOS_ATC_OBSPACK-Europe-L2-2024_OHP_100.0_CTS_CO2.zip,2,Atmospheric CO2 product,Observatoire de Haute Provence
186,srKbC4QjulLqqAeIggdFDpbM,True,OHP,FR,no,43.931,5.712,650.0,50.0,1312533,84240,2,2014-07-16T00:00:00Z,2024-03-31T23:00:00Z,2024-07-17T12:16:55Z,https://data.icos-cp.eu/objects/srKbC4QjulLqqAeIggdFDpbM,ICOS_ATC_OBSPACK-Europe-L2-2024_OHP_50.0_CTS_CO2.zip,2,Atmospheric CO2 product,Observatoire de Haute Provence
132,gxazePtifvYwYroMrzeb2cVz,True,OHP,FR,no,43.931,5.712,650.0,10.0,1371431,84240,2,2014-07-16T00:00:00Z,2024-03-31T23:00:00Z,2024-07-17T12:16:33Z,https://data.icos-cp.eu/objects/gxazePtifvYwYroMrzeb2cVz,ICOS_ATC_OBSPACK-Europe-L2-2024_OHP_10.0_CTS_CO2.zip,2,Atmospheric CO2 product,Observatoire de Haute Provence
249,oJk7kuwfQa4n59BLLJzomCOP,True,OPE,FR,1,48.5619,5.5036,390.0,120.0,2105170,106320,2,2011-04-22T04:30:00Z,2024-04-26T23:30:00Z,2024-05-01T20:20:57.339711Z,https://data.icos-cp.eu/objects/oJk7kuwfQa4n59BLLJzomCOP,co2_ope_tower-insitu_469_allvalid-120magl.nc,4,Obspack CO2 time-series result,Observatoire pérenne de l'environnement
233,UCmDQ4Wmm-04_nAKuizWDzn6,True,OPE,FR,1,48.5619,5.5036,390.0,50.0,2038189,100999,2,2011-04-21T13:30:00Z,2024-04-26T23:30:00Z,2024-05-01T20:20:40.618754Z,https://data.icos-cp.eu/objects/UCmDQ4Wmm-04_nAKuizWDzn6,co2_ope_tower-insitu_469_allvalid-50magl.nc,4,Obspack CO2 time-series result,Observatoire pérenne de l'environnement
100,O3vF5aG5R2GwFkTfqM8R6oCg,True,OPE,FR,1,48.5619,5.5036,390.0,10.0,2054694,101824,2,2011-04-22T03:30:00Z,2024-04-26T23:30:00Z,2024-05-01T20:21:13.342168Z,https://data.icos-cp.eu/objects/O3vF5aG5R2GwFkTfqM8R6oCg,co2_ope_tower-insitu_469_allvalid-10magl.nc,4,Obspack CO2 time-series result,Observatoire pérenne de l'environnement
38,FvCqgoL8-bDOD-C02xCALwZb,True,OPE,FR,1,48.5619,5.5036,390.0,120.0,1274758,66312,2,2016-08-18T00:00:00Z,2024-03-31T23:00:00Z,2024-06-27T13:35:02Z,https://data.icos-cp.eu/objects/FvCqgoL8-bDOD-C02xCALwZb,ICOS_ATC_L2_L2-2024.1_OPE_120.0_CTS_CO2.zip,3,ICOS ATC CO2 Release,Observatoire pérenne de l'environnement
245,1GwUhxll-7kiALaWhgRASpQZ,True,OPE,FR,1,48.5619,5.5036,390.0,50.0,1240246,66312,2,2016-08-18T00:00:00Z,2024-03-31T23:00:00Z,2024-06-27T13:35:17Z,https://data.icos-cp.eu/objects/1GwUhxll-7kiALaWhgRASpQZ,ICOS_ATC_L2_L2-2024.1_OPE_50.0_CTS_CO2.zip,3,ICOS ATC CO2 Release,Observatoire pérenne de l'environnement
122,VVhCFuOMSC26pRPGKg_34wb9,True,OPE,FR,1,48.5619,5.5036,390.0,10.0,1255024,66312,2,2016-08-18T00:00:00Z,2024-03-31T23:00:00Z,2024-06-27T13:34:46Z,https://data.icos-cp.eu/objects/VVhCFuOMSC26pRPGKg_34wb9,ICOS_ATC_L2_L2-2024.1_OPE_10.0_CTS_CO2.zip,3,ICOS ATC CO2 Release,Observatoire pérenne de l'environnement
80,0wG5kRZ5jcXo-8FSthFHiFJe,True,OPE,FR,1,48.5619,5.5036,390.0,120.0,1807642,113016,2,2011-04-21T00:00:00Z,2024-03-31T23:00:00Z,2024-07-17T12:17:21Z,https://data.icos-cp.eu/objects/0wG5kRZ5jcXo-8FSthFHiFJe,ICOS_ATC_OBSPACK-Europe-L2-2024_OPE_120.0_CTS_CO2.zip,2,Atmospheric CO2 product,Observatoire pérenne de l'environnement
287,wPKbWTpZiTQvkiJ13PxvoKU-,True,OPE,FR,1,48.5619,5.5036,390.0,50.0,1766658,113016,2,2011-04-21T00:00:00Z,2024-03-31T23:00:00Z,2024-07-17T12:17:35Z,https://data.icos-cp.eu/objects/wPKbWTpZiTQvkiJ13PxvoKU-,ICOS_ATC_OBSPACK-Europe-L2-2024_OPE_50.0_CTS_CO2.zip,2,Atmospheric CO2 product,Observatoire pérenne de l'environnement
141,kibYO8pHZItiAXTAb-b2jvIq,True,OPE,FR,1,48.5619,5.5036,390.0,10.0,1785561,113016,2,2011-04-21T00:00:00Z,2024-03-31T23:00:00Z,2024-07-17T12:17:07Z,https://data.icos-cp.eu/objects/kibYO8pHZItiAXTAb-b2jvIq,ICOS_ATC_OBSPACK-Europe-L2-2024_OPE_10.0_CTS_CO2.zip,2,Atmospheric CO2 product,Observatoire pérenne de l'environnement
234,aT3KAtcaVlUjY42zXOuc9B9m,True,PDM,FR,no,42.9372,0.1411,2877.0,28.0,1336490,69578,2,2014-05-07T02:30:00Z,2023-03-30T15:30:00Z,2024-05-01T20:22:21.487433Z,https://data.icos-cp.eu/objects/aT3KAtcaVlUjY42zXOuc9B9m,co2_pdm_surface-insitu_11_allvalid.nc,4,Obspack CO2 time-series result,Pic du Midi
2,s2a8-fqTeUtv7VTxoX4HLliH,True,PDM,FR,no,42.9372,0.1411,2877.0,28.0,1304540,82682,2,2014-05-07T00:00:00Z,2024-03-31T23:00:00Z,2024-07-17T12:18:30Z,https://data.icos-cp.eu/objects/s2a8-fqTeUtv7VTxoX4HLliH,ICOS_ATC_OBSPACK-Europe-L2-2024_PDM_28.0_CTS_CO2.zip,2,Atmospheric CO2 product,Pic du Midi
288,BVGxGzTLRTWOiWoK7ShXYdEL,True,PUY,FR,2,45.7719,2.9658,1465.0,10.0,3170628,179239,2,2000-11-07T18:30:00Z,2024-04-30T23:30:00Z,2024-05-01T20:23:25.414047Z,https://data.icos-cp.eu/objects/BVGxGzTLRTWOiWoK7ShXYdEL,co2_puy_surface-insitu_11_allvalid.nc,4,Obspack CO2 time-series result,Puy de Dôme
124,LCqwETSUN2OlDbDWAp2EfQWQ,True,PUY,FR,2,45.7719,2.9658,1465.0,10.0,1280056,66616,2,2016-08-25T08:00:00Z,2024-03-31T23:00:00Z,2024-06-27T13:37:11Z,https://data.icos-cp.eu/objects/LCqwETSUN2OlDbDWAp2EfQWQ,ICOS_ATC_L2_L2-2024.1_PUY_10.0_CTS_CO2.zip,3,ICOS ATC CO2 Release,Puy de Dôme
128,gHRu6J7GhhWMkPKzkHqJFeSt,True,PUY,FR,2,45.7719,2.9658,1465.0,10.0,2894836,212510,2,2000-01-01T01:00:00Z,2024-03-31T23:00:00Z,2024-07-17T12:19:08Z,https://data.icos-cp.eu/objects/gHRu6J7GhhWMkPKzkHqJFeSt,ICOS_ATC_OBSPACK-Europe-L2-2024_PUY_10.0_CTS_CO2.zip,2,Atmospheric CO2 product,Puy de Dôme
31,2IaTjYIDYuphzvxciD8Ym5th,True,SAC,FR,1,48.7227,2.142,160.0,100.0,1487269,74958,2,2015-07-08T16:30:00Z,2024-04-30T23:30:00Z,2024-05-01T20:24:51.555792Z,https://data.icos-cp.eu/objects/2IaTjYIDYuphzvxciD8Ym5th,co2_sac_tower-insitu_11_allvalid-100magl.nc,4,Obspack CO2 time-series result,Saclay
160,RUMVAeHLAX_ihcrJo3JTugMH,True,SAC,FR,1,48.7227,2.142,160.0,60.0,1294620,63561,2,2015-07-08T16:30:00Z,2024-04-30T23:30:00Z,2024-05-01T20:24:27.457678Z,https://data.icos-cp.eu/objects/RUMVAeHLAX_ihcrJo3JTugMH,co2_sac_tower-insitu_11_allvalid-60magl.nc,4,Obspack CO2 time-series result,Saclay
63,g9YQYxfBTSDw0zY4uhu9um-9,True,SAC,FR,1,48.7227,2.142,160.0,15.0,1316056,64618,2,2015-07-08T15:30:00Z,2024-04-30T23:30:00Z,2024-05-01T20:24:39.247320Z,https://data.icos-cp.eu/objects/g9YQYxfBTSDw0zY4uhu9um-9,co2_sac_tower-insitu_11_allvalid-15magl.nc,4,Obspack CO2 time-series result,Saclay
154,JtufxK1-XG9-xdeBa2bU1kO4,True,SAC,FR,1,48.7227,2.142,160.0,100.0,1185135,59928,2,2017-05-31T00:00:00Z,2024-03-31T23:00:00Z,2024-06-27T13:37:49Z,https://data.icos-cp.eu/objects/JtufxK1-XG9-xdeBa2bU1kO4,ICOS_ATC_L2_L2-2024.1_SAC_100.0_CTS_CO2.zip,3,ICOS ATC CO2 Release,Saclay
285,C3DTbUuTunce8N98D6kzuqvt,True,SAC,FR,1,48.7227,2.142,160.0,60.0,1063066,59928,2,2017-05-31T00:00:00Z,2024-03-31T23:00:00Z,2024-06-27T13:38:18Z,https://data.icos-cp.eu/objects/C3DTbUuTunce8N98D6kzuqvt,ICOS_ATC_L2_L2-2024.1_SAC_60.0_CTS_CO2.zip,3,ICOS ATC CO2 Release,Saclay
101,yXkP0DH2v7DCsoJfMwF5LY1f,True,SAC,FR,1,48.7227,2.142,160.0,15.0,1078574,59928,2,2017-05-31T00:00:00Z,2024-03-31T23:00:00Z,2024-06-27T13:38:03Z,https://data.icos-cp.eu/objects/yXkP0DH2v7DCsoJfMwF5LY1f,ICOS_ATC_L2_L2-2024.1_SAC_15.0_CTS_CO2.zip,3,ICOS ATC CO2 Release,Saclay
185,U7h-jjDiiukMVHWh2NVmjeAy,True,SAC,FR,1,48.7227,2.142,160.0,100.0,1306742,76560,2,2015-07-08T00:00:00Z,2024-03-31T23:00:00Z,2024-07-17T12:20:20Z,https://data.icos-cp.eu/objects/U7h-jjDiiukMVHWh2NVmjeAy,ICOS_ATC_OBSPACK-Europe-L2-2024_SAC_100.0_CTS_CO2.zip,2,Atmospheric CO2 product,Saclay
87,iV3uGNZNOWtQwEFWpLMTfzDi,True,SAC,FR,1,48.7227,2.142,160.0,60.0,1195928,76560,2,2015-07-08T00:00:00Z,2024-03-31T23:00:00Z,2024-07-17T12:20:41Z,https://data.icos-cp.eu/objects/iV3uGNZNOWtQwEFWpLMTfzDi,ICOS_ATC_OBSPACK-Europe-L2-2024_SAC_60.0_CTS_CO2.zip,2,Atmospheric CO2 product,Saclay
29,XE0aiq7I55J4MwpDo8--L1CX,True,SAC,FR,1,48.7227,2.142,160.0,15.0,1212882,76560,2,2015-07-08T00:00:00Z,2024-03-31T23:00:00Z,2024-07-17T12:20:31Z,https://data.icos-cp.eu/objects/XE0aiq7I55J4MwpDo8--L1CX,ICOS_ATC_OBSPACK-Europe-L2-2024_SAC_15.0_CTS_CO2.zip,2,Atmospheric CO2 product,Saclay
286,bg0Se6qyrRzMy3xyIQMSEk6i,True,TRN,FR,2,47.9647,2.1125,131.0,180.0,2206075,107316,2,2007-05-16T05:30:00Z,2024-04-30T23:30:00Z,2024-05-01T20:29:54.819358Z,https://data.icos-cp.eu/objects/bg0Se6qyrRzMy3xyIQMSEk6i,co2_trn_tower-insitu_11_allvalid-180magl.nc,4,Obspack CO2 time-series result,Trainou
231,9Yg2WFZGzB-86q7GTIacNIG8,True,TRN,FR,2,47.9647,2.1125,131.0,100.0,2206862,107122,2,2007-05-16T05:30:00Z,2024-04-30T17:30:00Z,2024-05-01T20:30:12.332097Z,https://data.icos-cp.eu/objects/9Yg2WFZGzB-86q7GTIacNIG8,co2_trn_tower-insitu_11_allvalid-100magl.nc,4,Obspack CO2 time-series result,Trainou
196,ZeBCiQ0SpIc8SYRwlaPNRNOq,True,TRN,FR,2,47.9647,2.1125,131.0,50.0,2253119,109603,2,2007-05-16T05:30:00Z,2024-04-30T18:30:00Z,2024-05-01T20:29:26.514820Z,https://data.icos-cp.eu/objects/ZeBCiQ0SpIc8SYRwlaPNRNOq,co2_trn_tower-insitu_11_allvalid-50magl.nc,4,Obspack CO2 time-series result,Trainou
91,o2W45F5bG-Uo5zZx3WpX1O7w,True,TRN,FR,2,47.9647,2.1125,131.0,5.0,1377559,62477,2,2015-07-30T01:30:00Z,2024-04-30T17:30:00Z,2024-05-01T20:29:39.414210Z,https://data.icos-cp.eu/objects/o2W45F5bG-Uo5zZx3WpX1O7w,co2_trn_tower-insitu_11_allvalid-5magl.nc,4,Obspack CO2 time-series result,Trainou
227,D5Ssgaz-9GJFD-t2zARNg-5F,True,TRN,FR,2,47.9647,2.1125,131.0,180.0,1238344,66960,2,2016-08-11T00:00:00Z,2024-03-31T23:00:00Z,2024-06-27T13:43:55Z,https://data.icos-cp.eu/objects/D5Ssgaz-9GJFD-t2zARNg-5F,ICOS_ATC_L2_L2-2024.1_TRN_180.0_CTS_CO2.zip,3,ICOS ATC CO2 Release,Trainou
33,daYmD0xyoAZdug1PqS37nlrb,True,TRN,FR,2,47.9647,2.1125,131.0,100.0,1199851,66960,2,2016-08-11T00:00:00Z,2024-03-31T23:00:00Z,2024-06-27T13:43:34Z,https://data.icos-cp.eu/objects/daYmD0xyoAZdug1PqS37nlrb,ICOS_ATC_L2_L2-2024.1_TRN_100.0_CTS_CO2.zip,3,ICOS ATC CO2 Release,Trainou
137,qw_ci69tO11-wMFHpyjwa5Zi,True,TRN,FR,2,47.9647,2.1125,131.0,50.0,1212275,66960,2,2016-08-11T00:00:00Z,2024-03-31T23:00:00Z,2024-06-27T13:44:29Z,https://data.icos-cp.eu/objects/qw_ci69tO11-wMFHpyjwa5Zi,ICOS_ATC_L2_L2-2024.1_TRN_50.0_CTS_CO2.zip,3,ICOS ATC CO2 Release,Trainou
228,XFgxvNufFkyR1iyI2iXanCYs,True,TRN,FR,2,47.9647,2.1125,131.0,5.0,1248567,66960,2,2016-08-11T00:00:00Z,2024-03-31T23:00:00Z,2024-06-27T13:44:12Z,https://data.icos-cp.eu/objects/XFgxvNufFkyR1iyI2iXanCYs,ICOS_ATC_L2_L2-2024.1_TRN_5.0_CTS_CO2.zip,3,ICOS ATC CO2 Release,Trainou
104,XqzisRkDfeVdRtYCGhCPfy7L,True,TRN,FR,2,47.9647,2.1125,131.0,180.0,2102538,148261,2,2007-05-03T11:00:00Z,2024-03-31T23:00:00Z,2024-07-19T07:45:23Z,https://data.icos-cp.eu/objects/XqzisRkDfeVdRtYCGhCPfy7L,ICOS_ATC_OBSPACK-Europe-L2-2024_TRN_180.0_CTS_CO2.zip,2,Atmospheric CO2 product,Trainou
151,TXpkrlmwf-NFfggn0flPqEge,True,TRN,FR,2,47.9647,2.1125,131.0,100.0,2083749,148261,2,2007-05-03T11:00:00Z,2024-03-31T23:00:00Z,2024-07-19T07:45:15Z,https://data.icos-cp.eu/objects/TXpkrlmwf-NFfggn0flPqEge,ICOS_ATC_OBSPACK-Europe-L2-2024_TRN_100.0_CTS_CO2.zip,2,Atmospheric CO2 product,Trainou
28,1EtD5VssuTZ3ym_LqWL0Otha,True,TRN,FR,2,47.9647,2.1125,131.0,50.0,2112588,148261,2,2007-05-03T11:00:00Z,2024-03-31T23:00:00Z,2024-07-19T07:45:31Z,https://data.icos-cp.eu/objects/1EtD5VssuTZ3ym_LqWL0Otha,ICOS_ATC_OBSPACK-Europe-L2-2024_TRN_50.0_CTS_CO2.zip,2,Atmospheric CO2 product,Trainou
108,1ZFzYvnS0-dyc0DJme3_npoV,True,TRN,FR,2,47.9647,2.1125,131.0,5.0,1213455,76056,2,2015-07-29T00:00:00Z,2024-03-31T23:00:00Z,2024-07-19T07:45:39Z,https://data.icos-cp.eu/objects/1ZFzYvnS0-dyc0DJme3_npoV,ICOS_ATC_OBSPACK-Europe-L2-2024_TRN_5.0_CTS_CO2.zip,2,Atmospheric CO2 product,Trainou
71,U4wIFp0A6LJYoxGFI_kJ0-Bk,True,BSD,GB,no,54.3586,-1.1504,382.0,248.0,1120175,60692,2,2014-01-30T10:30:00Z,2021-08-10T12:30:00Z,2024-05-01T20:03:03.464874Z,https://data.icos-cp.eu/objects/U4wIFp0A6LJYoxGFI_kJ0-Bk,co2_bsd_tower-insitu_160_allvalid-248magl.nc,4,Obspack CO2 time-series result,Bilsdale
6,nLbkM4Sacwcx8vcrnVchBjBh,True,BSD,GB,no,54.3586,-1.1504,382.0,108.0,1130144,60637,2,2014-01-30T11:30:00Z,2021-08-10T12:30:00Z,2024-05-01T20:03:12.575988Z,https://data.icos-cp.eu/objects/nLbkM4Sacwcx8vcrnVchBjBh,co2_bsd_tower-insitu_160_allvalid-108magl.nc,4,Obspack CO2 time-series result,Bilsdale
243,YVWdhYbgpRvH6oA58nMaNwAY,True,BSD,GB,no,54.3586,-1.1504,382.0,42.0,1136889,60943,2,2014-01-30T11:30:00Z,2021-08-06T03:30:00Z,2024-05-01T20:02:54.464885Z,https://data.icos-cp.eu/objects/YVWdhYbgpRvH6oA58nMaNwAY,co2_bsd_tower-insitu_160_allvalid-42magl.nc,4,Obspack CO2 time-series result,Bilsdale
209,L8WmmVm_tguSoYNECEEETdgM,True,BSD,GB,no,54.3586,-1.1504,382.0,248.0,868576,65989,2,2014-01-30T00:00:00Z,2021-08-10T12:00:00Z,2024-07-17T12:07:05Z,https://data.icos-cp.eu/objects/L8WmmVm_tguSoYNECEEETdgM,ICOS_ATC_OBSPACK-Europe-L2-2024_BSD_248.0_CTS_CO2.zip,2,Atmospheric CO2 product,Bilsdale
5,fvLMTT4AeFjpXdrFFYZUSZP-,True,BSD,GB,no,54.3586,-1.1504,382.0,108.0,858913,65989,2,2014-01-30T00:00:00Z,2021-08-10T12:00:00Z,2024-07-17T12:06:59Z,https://data.icos-cp.eu/objects/fvLMTT4AeFjpXdrFFYZUSZP-,ICOS_ATC_OBSPACK-Europe-L2-2024_BSD_108.0_CTS_CO2.zip,2,Atmospheric CO2 product,Bilsdale
204,zNPkL0pGxPCDm-Ul8lL9yKeB,True,BSD,GB,no,54.3586,-1.1504,382.0,42.0,863284,65976,2,2014-01-30T00:00:00Z,2021-08-09T23:00:00Z,2024-07-17T12:07:12Z,https://data.icos-cp.eu/objects/zNPkL0pGxPCDm-Ul8lL9yKeB,ICOS_ATC_OBSPACK-Europe-L2-2024_BSD_42.0_CTS_CO2.zip,2,Atmospheric CO2 product,Bilsdale
162,V-8w6guKN0VyR8gt9wYswsNz,True,HFD,GB,no,50.9767,0.2306,160.0,100.0,1178448,88176,2,2014-03-11T00:00:00Z,2024-03-31T23:00:00Z,2024-07-17T12:09:37Z,https://data.icos-cp.eu/objects/V-8w6guKN0VyR8gt9wYswsNz,ICOS_ATC_OBSPACK-Europe-L2-2024_HFD_100.0_CTS_CO2.zip,2,Atmospheric CO2 product,Heathfield
253,AL0PWC5CNeG2fWXWyTriLG6_,True,HFD,GB,no,50.9767,0.2306,160.0,50.0,1141602,88176,2,2014-03-11T00:00:00Z,2024-03-31T23:00:00Z,2024-07-17T12:09:45Z,https://data.icos-cp.eu/objects/AL0PWC5CNeG2fWXWyTriLG6_,ICOS_ATC_OBSPACK-Europe-L2-2024_HFD_50.0_CTS_CO2.zip,2,Atmospheric CO2 product,Heathfield
220,8WnTjIVhVvwtuNnSbnq7qYD1,True,RGL,GB,2,51.9975,-2.5399,207.0,90.0,1819926,101991,2,2012-02-23T16:30:00Z,2024-05-01T00:30:00Z,2024-05-01T20:23:43.035100Z,https://data.icos-cp.eu/objects/8WnTjIVhVvwtuNnSbnq7qYD1,co2_rgl_tower-insitu_160_allvalid-90magl.nc,4,Obspack CO2 time-series result,Ridge Hill
276,i0GzD5hKxgUzIqb06J5hxfhA,True,RGL,GB,2,51.9975,-2.5399,207.0,45.0,1816388,99869,2,2012-02-23T16:30:00Z,2024-05-01T00:30:00Z,2024-05-01T20:23:58.387081Z,https://data.icos-cp.eu/objects/i0GzD5hKxgUzIqb06J5hxfhA,co2_rgl_tower-insitu_160_allvalid-45magl.nc,4,Obspack CO2 time-series result,Ridge Hill
146,nSLoMe6MezJfeOOsANjispb1,True,RGL,GB,2,51.9975,-2.5399,207.0,90.0,1508708,106089,2,2012-02-23T15:00:00Z,2024-03-31T23:00:00Z,2024-07-17T12:19:43Z,https://data.icos-cp.eu/objects/nSLoMe6MezJfeOOsANjispb1,ICOS_ATC_OBSPACK-Europe-L2-2024_RGL_90.0_CTS_CO2.zip,2,Atmospheric CO2 product,Ridge Hill
103,_X_wX0RYv_4yWHhVKVbpGkf8,True,RGL,GB,2,51.9975,-2.5399,207.0,45.0,1490172,106089,2,2012-02-23T15:00:00Z,2024-03-31T23:00:00Z,2024-07-17T12:19:31Z,https://data.icos-cp.eu/objects/_X_wX0RYv_4yWHhVKVbpGkf8,ICOS_ATC_OBSPACK-Europe-L2-2024_RGL_45.0_CTS_CO2.zip,2,Atmospheric CO2 product,Ridge Hill
98,ko_fTWB4WysUD7rCSSK-vlZc,True,TAC,GB,no,52.5188,1.1387,64.0,185.0,1502437,83564,2,2013-01-31T00:30:00Z,2023-03-31T23:30:00Z,2024-05-01T20:28:08.026257Z,https://data.icos-cp.eu/objects/ko_fTWB4WysUD7rCSSK-vlZc,co2_tac_tower-insitu_160_allvalid-185magl.nc,4,Obspack CO2 time-series result,Tacolneston
138,qymZwAuXMoROFcCmfNFZmFkd,True,TAC,GB,no,52.5188,1.1387,64.0,100.0,1580994,86600,2,2012-07-26T11:30:00Z,2023-03-31T23:30:00Z,2024-05-01T20:28:20.947255Z,https://data.icos-cp.eu/objects/qymZwAuXMoROFcCmfNFZmFkd,co2_tac_tower-insitu_160_allvalid-100magl.nc,4,Obspack CO2 time-series result,Tacolneston
41,rna5PDP919nLdRbXlmktqOhL,True,TAC,GB,no,52.5188,1.1387,64.0,54.0,1575993,85393,2,2012-07-26T11:30:00Z,2023-03-31T23:30:00Z,2024-05-01T20:27:55.983429Z,https://data.icos-cp.eu/objects/rna5PDP919nLdRbXlmktqOhL,co2_tac_tower-insitu_160_allvalid-54magl.nc,4,Obspack CO2 time-series result,Tacolneston
106,Y-HGh__KnF_yCUvj_CW9la1o,True,TAC,GB,no,52.5188,1.1387,64.0,185.0,1309603,97872,2,2013-01-31T00:00:00Z,2024-03-31T23:00:00Z,2024-07-17T12:48:41Z,https://data.icos-cp.eu/objects/Y-HGh__KnF_yCUvj_CW9la1o,ICOS_ATC_OBSPACK-Europe-L2-2024_TAC_185.0_CTS_CO2.zip,2,Atmospheric CO2 product,Tacolneston
189,H462VYJS3yWldwgFbxmTgGmQ,True,TAC,GB,no,52.5188,1.1387,64.0,100.0,1352104,102439,2,2012-07-24T17:00:00Z,2024-03-31T23:00:00Z,2024-07-17T12:48:12Z,https://data.icos-cp.eu/objects/H462VYJS3yWldwgFbxmTgGmQ,ICOS_ATC_OBSPACK-Europe-L2-2024_TAC_100.0_CTS_CO2.zip,2,Atmospheric CO2 product,Tacolneston
262,bciMJ92mLMttknaTfZi5uRec,True,TAC,GB,no,52.5188,1.1387,64.0,54.0,1361575,102439,2,2012-07-24T17:00:00Z,2024-03-31T23:00:00Z,2024-07-17T12:48:26Z,https://data.icos-cp.eu/objects/bciMJ92mLMttknaTfZi5uRec,ICOS_ATC_OBSPACK-Europe-L2-2024_TAC_54.0_CTS_CO2.zip,2,Atmospheric CO2 product,Tacolneston
221,o4YJc3f4i-oJbC4INxte-T16,True,WAO,GB,2,52.95,1.121,17.0,10.0,1996524,107622,2,2007-10-31T15:30:00Z,2024-04-30T23:30:00Z,2024-05-01T20:30:57.682314Z,https://data.icos-cp.eu/objects/o4YJc3f4i-oJbC4INxte-T16,co2_wao_surface-insitu_13_allvalid.nc,4,Obspack CO2 time-series result,Weybourne
88,f6YQf-yAFzRr4H4-re4Yj1FD,True,WAO,GB,2,52.95,1.121,17.0,10.0,1744705,143913,2,2007-10-31T15:00:00Z,2024-03-31T23:00:00Z,2024-07-19T07:45:46Z,https://data.icos-cp.eu/objects/f6YQf-yAFzRr4H4-re4Yj1FD,ICOS_ATC_OBSPACK-Europe-L2-2024_WAO_10.0_CTS_CO2.zip,2,Atmospheric CO2 product,Weybourne
256,aD8PxxG5BC1OXGckAs8yu0iQ,True,FKL,GR,no,35.3378,25.6694,250.0,15.0,1388967,69669,2,2014-06-05T22:30:00Z,2023-03-31T23:30:00Z,2024-05-01T20:06:31.342022Z,https://data.icos-cp.eu/objects/aD8PxxG5BC1OXGckAs8yu0iQ,co2_fkl_surface-insitu_11_allvalid.nc,4,Obspack CO2 time-series result,Finokalia
195,NFTkHt2dJsxzRJG826pZLeSl,True,FKL,GR,no,35.3378,25.6694,250.0,15.0,1370520,84960,2,2014-06-05T00:00:00Z,2024-03-31T23:00:00Z,2024-07-17T12:08:24Z,https://data.icos-cp.eu/objects/NFTkHt2dJsxzRJG826pZLeSl,ICOS_ATC_OBSPACK-Europe-L2-2024_FKL_15.0_CTS_CO2.zip,2,Atmospheric CO2 product,Finokalia
65,YN8fHIUuEYgmGeTABcFO73YI,True,HUN,HU,2,46.9558,16.6522,248.0,115.0,3344626,201777,2,1994-09-29T11:30:00Z,2022-12-31T22:30:00Z,2024-05-01T20:09:03.506472Z,https://data.icos-cp.eu/objects/YN8fHIUuEYgmGeTABcFO73YI,co2_hun_tower-insitu_35_allvalid-115magl.nc,4,Obspack CO2 time-series result,Hegyhátsál háttérszennyettség-mérő állomás
67,3fZ8E8vwY6puYfmwykbuOlrl,True,HUN,HU,2,46.9558,16.6522,248.0,82.0,3399955,204617,2,1994-09-29T11:30:00Z,2022-12-31T22:30:00Z,2024-05-01T20:08:03.524285Z,https://data.icos-cp.eu/objects/3fZ8E8vwY6puYfmwykbuOlrl,co2_hun_tower-insitu_35_allvalid-82magl.nc,4,Obspack CO2 time-series result,Hegyhátsál háttérszennyettség-mérő állomás
161,aRpAYrExuYPhV3aC66diMQNy,True,HUN,HU,2,46.9558,16.6522,248.0,48.0,3475135,208245,2,1994-09-29T11:30:00Z,2022-12-31T22:30:00Z,2024-05-01T20:08:34.989780Z,https://data.icos-cp.eu/objects/aRpAYrExuYPhV3aC66diMQNy,co2_hun_tower-insitu_35_allvalid-48magl.nc,4,Obspack CO2 time-series result,Hegyhátsál háttérszennyettség-mérő állomás
272,1GmAmREOA3zeC42RzN6xWdrx,True,HUN,HU,2,46.9558,16.6522,248.0,10.0,3455209,204417,2,1994-09-29T11:30:00Z,2022-12-31T22:30:00Z,2024-05-01T20:09:32.605801Z,https://data.icos-cp.eu/objects/1GmAmREOA3zeC42RzN6xWdrx,co2_hun_tower-insitu_35_allvalid-10magl.nc,4,Obspack CO2 time-series result,Hegyhátsál háttérszennyettség-mérő állomás
66,7OEWUcFHxh7egOPGlzGYoJSp,True,HUN,HU,2,46.9558,16.6522,248.0,115.0,2983714,257204,2,1994-09-29T00:00:00Z,2024-03-31T23:00:00Z,2024-07-17T12:10:44Z,https://data.icos-cp.eu/objects/7OEWUcFHxh7egOPGlzGYoJSp,ICOS_ATC_OBSPACK-Europe-L2-2024_HUN_115.0_CTS_CO2.zip,2,Atmospheric CO2 product,Hegyhátsál háttérszennyettség-mérő állomás
78,lDYEVddczTYMvRJ3Ms8eLjEd,True,HUN,HU,2,46.9558,16.6522,248.0,82.0,3013974,257204,2,1994-09-29T00:00:00Z,2024-03-31T23:00:00Z,2024-07-17T12:10:54Z,https://data.icos-cp.eu/objects/lDYEVddczTYMvRJ3Ms8eLjEd,ICOS_ATC_OBSPACK-Europe-L2-2024_HUN_82.0_CTS_CO2.zip,2,Atmospheric CO2 product,Hegyhátsál háttérszennyettség-mérő állomás
257,mnFh4LgGl-vaOHACCGpukj2_,True,HUN,HU,2,46.9558,16.6522,248.0,48.0,2913715,247703,2,1994-09-29T00:00:00Z,2022-12-31T22:00:00Z,2023-08-04T14:32:48Z,https://data.icos-cp.eu/objects/mnFh4LgGl-vaOHACCGpukj2_,ICOS_ATC_OBSPACK-Europe-L2-2023_HUN_48.0_CTS_CO2.zip,2,Atmospheric CO2 product,Hegyhátsál háttérszennyettség-mérő állomás
254,3JWWBMOylBDuzXo4uACt8TE3,True,HUN,HU,2,46.9558,16.6522,248.0,10.0,3088424,257204,2,1994-09-29T00:00:00Z,2024-03-31T23:00:00Z,2024-07-17T12:10:33Z,https://data.icos-cp.eu/objects/3JWWBMOylBDuzXo4uACt8TE3,ICOS_ATC_OBSPACK-Europe-L2-2024_HUN_10.0_CTS_CO2.zip,2,Atmospheric CO2 product,Hegyhátsál háttérszennyettség-mérő állomás
51,mJV_GSeZ_RcXY1ptn1qdErib,True,CRP,IE,no,52.18,-6.37,9.0,14.0,1246097,61910,2,2010-08-01T00:30:00Z,2021-08-30T23:30:00Z,2024-05-01T20:05:49.102740Z,https://data.icos-cp.eu/objects/mJV_GSeZ_RcXY1ptn1qdErib,co2_crp_surface-insitu_137_allvalid.nc,4,Obspack CO2 time-series result,Carnsore Point
97,0EpdcynNPIk3h5PqEcQtOBzq,True,CRP,IE,no,52.18,-6.37,9.0,14.0,1250195,90120,2,2010-07-31T00:00:00Z,2021-08-30T23:00:00Z,2024-07-17T12:07:57Z,https://data.icos-cp.eu/objects/0EpdcynNPIk3h5PqEcQtOBzq,ICOS_ATC_OBSPACK-Europe-L2-2024_CRP_14.0_CTS_CO2.zip,2,Atmospheric CO2 product,Carnsore Point
8,ChPPhUc6Riby0GZBlZ47K-pR,True,MHD,IE,no,53.3261,-9.9036,5.0,24.0,4072824,242313,2,1992-07-17T00:30:00Z,2023-03-16T17:30:00Z,2024-05-01T20:18:51.218549Z,https://data.icos-cp.eu/objects/ChPPhUc6Riby0GZBlZ47K-pR,co2_mhd_surface-insitu_11_allvalid.nc,4,Obspack CO2 time-series result,Mace Head
112,GkekBcNgiHg7SLLvTJRLrnow,True,MHD,IE,no,53.3261,-9.9036,5.0,24.0,3533619,273541,2,1992-01-01T01:00:00Z,2023-03-16T17:00:00Z,2024-07-17T12:15:28Z,https://data.icos-cp.eu/objects/GkekBcNgiHg7SLLvTJRLrnow,ICOS_ATC_OBSPACK-Europe-L2-2024_MHD_24.0_CTS_CO2.zip,2,Atmospheric CO2 product,Mace Head
21,TDm8HEo-pfhDbdINV9AGk5-5,True,MLH,IE,no,55.355,-7.333,22.0,47.0,1435103,71569,2,2010-09-17T13:30:00Z,2021-07-13T23:30:00Z,2024-05-01T20:19:06.568021Z,https://data.icos-cp.eu/objects/TDm8HEo-pfhDbdINV9AGk5-5,co2_mlh_surface-insitu_468_allvalid.nc,4,Obspack CO2 time-series result,Malin Head
123,99ERBfck6F6L56hlCdft3Xds,True,MLH,IE,no,55.355,-7.333,22.0,47.0,1415141,98976,2,2010-09-17T00:00:00Z,2021-12-31T23:00:00Z,2023-08-04T14:39:08Z,https://data.icos-cp.eu/objects/99ERBfck6F6L56hlCdft3Xds,ICOS_ATC_OBSPACK-Europe-L2-2023_MLH_47.0_CTS_CO2.zip,2,Atmospheric CO2 product,Malin Head
219,vrL-82s8QiZx83ZLFqjHODlv,True,MLH,IE,no,55.355,-7.333,22.0,5.0,1409558,98976,2,2010-09-17T00:00:00Z,2021-12-31T23:00:00Z,2024-07-17T12:15:56Z,https://data.icos-cp.eu/objects/vrL-82s8QiZx83ZLFqjHODlv,ICOS_ATC_OBSPACK-Europe-L2-2024_MLH_5.0_CTS_CO2.zip,2,Atmospheric CO2 product,Malin Head
139,G6-aVcacxSqzVd8v9-hZjOWL,True,CMN,IT,2,44.1936,10.6999,2165.0,8.0,1728885,96846,2,2011-02-11T06:30:00Z,2024-04-30T23:30:00Z,2024-05-01T20:19:21.175761Z,https://data.icos-cp.eu/objects/G6-aVcacxSqzVd8v9-hZjOWL,co2_cmn_surface-insitu_443_allvalid.nc,4,Obspack CO2 time-series result,Monte Cimone
217,QyMQt8gKLRwCu5CV4fR_Gbf4,True,CMN,IT,2,44.1936,10.6999,2165.0,8.0,1456067,114566,2,2011-01-01T00:00:00Z,2024-03-31T23:00:00Z,2024-07-17T12:07:37Z,https://data.icos-cp.eu/objects/QyMQt8gKLRwCu5CV4fR_Gbf4,ICOS_ATC_OBSPACK-Europe-L2-2024_CMN_8.0_CTS_CO2.zip,2,Atmospheric CO2 product,Monte Cimone
235,6zeCpsIcbQvz_HZfINH9R5CI,True,IPR,IT,2,45.8147,8.636,210.0,100.0,1097748,54627,2,2017-12-10T00:30:00Z,2024-04-30T23:30:00Z,2024-05-01T20:12:30.422164Z,https://data.icos-cp.eu/objects/6zeCpsIcbQvz_HZfINH9R5CI,co2_ipr_tower-insitu_103_allvalid-100magl.nc,4,Obspack CO2 time-series result,Ispra
223,pyx9tRwgDJPD1nuMaehuFJcz,True,IPR,IT,2,45.8147,8.636,210.0,60.0,1106975,52568,2,2017-12-10T00:30:00Z,2024-04-30T23:30:00Z,2024-05-01T20:12:10.860581Z,https://data.icos-cp.eu/objects/pyx9tRwgDJPD1nuMaehuFJcz,co2_ipr_tower-insitu_103_allvalid-60magl.nc,4,Obspack CO2 time-series result,Ispra
298,ss9tOukoA8luNF9NbHJ7Lw7f,True,IPR,IT,2,45.8147,8.636,210.0,40.0,1104072,52336,2,2017-12-10T00:30:00Z,2024-04-30T23:30:00Z,2024-05-01T20:12:20.609237Z,https://data.icos-cp.eu/objects/ss9tOukoA8luNF9NbHJ7Lw7f,co2_ipr_tower-insitu_103_allvalid-40magl.nc,4,Obspack CO2 time-series result,Ispra
263,01RUhvQ30KFsvmFBhOcTlAXx,True,IPR,IT,2,45.8147,8.636,210.0,100.0,1218763,55159,2,2017-12-15T00:00:00Z,2024-03-31T23:00:00Z,2024-06-27T13:27:18Z,https://data.icos-cp.eu/objects/01RUhvQ30KFsvmFBhOcTlAXx,ICOS_ATC_L2_L2-2024.1_IPR_100.0_CTS_CO2.zip,3,ICOS ATC CO2 Release,Ispra
23,nK2al1Jc7V-RVv7jCcTW4tZd,True,IPR,IT,2,45.8147,8.636,210.0,60.0,1128827,55159,2,2017-12-15T00:00:00Z,2024-03-31T23:00:00Z,2024-06-27T13:27:53Z,https://data.icos-cp.eu/objects/nK2al1Jc7V-RVv7jCcTW4tZd,ICOS_ATC_L2_L2-2024.1_IPR_60.0_CTS_CO2.zip,3,ICOS ATC CO2 Release,Ispra
53,orqtKfU5bVq2hfJaiE00ItTF,True,IPR,IT,2,45.8147,8.636,210.0,40.0,1129806,55159,2,2017-12-15T00:00:00Z,2024-03-31T23:00:00Z,2024-06-27T13:27:36Z,https://data.icos-cp.eu/objects/orqtKfU5bVq2hfJaiE00ItTF,ICOS_ATC_L2_L2-2024.1_IPR_40.0_CTS_CO2.zip,3,ICOS ATC CO2 Release,Ispra
19,GGfGZOO3dOoRCiHxgcN-imMf,True,IPR,IT,2,45.8147,8.636,210.0,100.0,953043,55279,2,2017-12-10T00:00:00Z,2024-03-31T23:00:00Z,2024-07-17T12:11:20Z,https://data.icos-cp.eu/objects/GGfGZOO3dOoRCiHxgcN-imMf,ICOS_ATC_OBSPACK-Europe-L2-2024_IPR_100.0_CTS_CO2.zip,2,Atmospheric CO2 product,Ispra
267,A3AZoL517LKGNzpXe0vomOVt,True,IPR,IT,2,45.8147,8.636,210.0,60.0,928396,55279,2,2017-12-10T00:00:00Z,2024-03-31T23:00:00Z,2024-07-17T12:11:33Z,https://data.icos-cp.eu/objects/A3AZoL517LKGNzpXe0vomOVt,ICOS_ATC_OBSPACK-Europe-L2-2024_IPR_60.0_CTS_CO2.zip,2,Atmospheric CO2 product,Ispra
84,l5h3nC78CtvVMmCkO9zSmZdw,True,IPR,IT,2,45.8147,8.636,210.0,40.0,929754,55279,2,2017-12-10T00:00:00Z,2024-03-31T23:00:00Z,2024-07-17T12:11:27Z,https://data.icos-cp.eu/objects/l5h3nC78CtvVMmCkO9zSmZdw,ICOS_ATC_OBSPACK-Europe-L2-2024_IPR_40.0_CTS_CO2.zip,2,Atmospheric CO2 product,Ispra
225,eNr0h0vEenwWbfSfA0aRGcMI,True,LMP,IT,2,35.5181,12.6322,45.0,8.0,2089270,113119,2,2006-10-01T01:30:00Z,2024-04-30T23:30:00Z,2024-05-01T20:16:57.475335Z,https://data.icos-cp.eu/objects/eNr0h0vEenwWbfSfA0aRGcMI,co2_lmp_surface-insitu_28_allvalid.nc,4,Obspack CO2 time-series result,Lampedusa
188,YWgDp1_TRuxkJ_sDibkPgXRH,True,LMP,IT,2,35.5181,12.6322,45.0,8.0,1941767,153392,2,2006-10-01T01:00:00Z,2024-03-31T23:00:00Z,2024-07-17T12:14:52Z,https://data.icos-cp.eu/objects/YWgDp1_TRuxkJ_sDibkPgXRH,ICOS_ATC_OBSPACK-Europe-L2-2024_LMP_8.0_CTS_CO2.zip,2,Atmospheric CO2 product,Lampedusa
99,Npx5YMlv6w7nVQBKdgLgzd-u,True,PRS,IT,2,45.93,7.7,3480.0,10.0,2192420,120448,2,2007-01-01T00:30:00Z,2024-04-30T23:30:00Z,2024-05-01T20:22:38.782118Z,https://data.icos-cp.eu/objects/Npx5YMlv6w7nVQBKdgLgzd-u,co2_prs_surface-insitu_21_allvalid.nc,4,Obspack CO2 time-series result,Plateau Rosa
178,zBk8MynIF17WuuneMT2yKOJ9,True,PRS,IT,2,45.93,7.7,3480.0,10.0,1943419,151198,2,2007-01-01T00:00:00Z,2024-03-31T23:00:00Z,2024-07-17T12:18:43Z,https://data.icos-cp.eu/objects/zBk8MynIF17WuuneMT2yKOJ9,ICOS_ATC_OBSPACK-Europe-L2-2024_PRS_10.0_CTS_CO2.zip,2,Atmospheric CO2 product,Plateau Rosa
201,sSPxxFAPhdq5H1rarK-KyILd,True,CBW,NL,1,51.9703,4.9264,0.0,207.0,3462856,207364,2,1992-10-23T13:30:00Z,2024-04-30T23:30:00Z,2024-05-01T20:05:10.785529Z,https://data.icos-cp.eu/objects/sSPxxFAPhdq5H1rarK-KyILd,co2_cbw_tower-insitu_445_allvalid-207magl.nc,4,Obspack CO2 time-series result,Cabauw
170,o6bj-de4x1PpfdTPsLp9GAaQ,True,CBW,NL,1,51.9703,4.9264,0.0,127.0,2969288,176242,2,2000-03-08T15:30:00Z,2024-04-30T23:30:00Z,2024-05-01T20:05:36.640991Z,https://data.icos-cp.eu/objects/o6bj-de4x1PpfdTPsLp9GAaQ,co2_cbw_tower-insitu_445_allvalid-127magl.nc,4,Obspack CO2 time-series result,Cabauw
261,T2XCFCY0Zl1fOwcCnBObUZsk,True,CBW,NL,1,51.9703,4.9264,0.0,67.0,2991474,177238,2,2000-03-08T15:30:00Z,2024-04-30T23:30:00Z,2024-05-01T20:04:16.199702Z,https://data.icos-cp.eu/objects/T2XCFCY0Zl1fOwcCnBObUZsk,co2_cbw_tower-insitu_445_allvalid-67magl.nc,4,Obspack CO2 time-series result,Cabauw
32,shmjEpksYikqyq7d3-tcdTlP,True,CBW,NL,1,51.9703,4.9264,0.0,27.0,2979391,175423,2,2000-03-08T15:30:00Z,2024-04-30T23:30:00Z,2024-05-01T20:04:41.522689Z,https://data.icos-cp.eu/objects/shmjEpksYikqyq7d3-tcdTlP,co2_cbw_tower-insitu_445_allvalid-27magl.nc,4,Obspack CO2 time-series result,Cabauw
25,6ND_CiR0NY4HBBddqsdh_raU,True,CBW,NL,1,51.9703,4.9264,0.0,207.0,3202722,275578,2,1992-10-23T13:00:00Z,2024-03-31T23:00:00Z,2024-07-19T07:43:36Z,https://data.icos-cp.eu/objects/6ND_CiR0NY4HBBddqsdh_raU,ICOS_ATC_OBSPACK-Europe-L2-2024_CBW_207.0_CTS_CO2.zip,2,Atmospheric CO2 product,Cabauw
119,0k14wqlTJO_K2HcrDaTMHlhp,True,CBW,NL,1,51.9703,4.9264,0.0,127.0,2569246,211871,2,2000-01-01T00:00:00Z,2024-03-31T23:00:00Z,2024-07-19T07:44:44Z,https://data.icos-cp.eu/objects/0k14wqlTJO_K2HcrDaTMHlhp,ICOS_ATC_OBSPACK-Europe-L2-2024_CBW_127.0_CTS_CO2.zip,2,Atmospheric CO2 product,Cabauw
40,-T_0NVoAGVxkifBvqbErBCbY,True,CBW,NL,1,51.9703,4.9264,0.0,67.0,2584910,211871,2,2000-01-01T00:00:00Z,2024-03-31T23:00:00Z,2024-07-19T07:45:05Z,https://data.icos-cp.eu/objects/-T_0NVoAGVxkifBvqbErBCbY,ICOS_ATC_OBSPACK-Europe-L2-2024_CBW_67.0_CTS_CO2.zip,2,Atmospheric CO2 product,Cabauw
86,2VWHcamWul6f99NFnynnZD7L,True,CBW,NL,1,51.9703,4.9264,0.0,27.0,2599561,211871,2,2000-01-01T00:00:00Z,2024-03-31T23:00:00Z,2024-07-19T07:44:54Z,https://data.icos-cp.eu/objects/2VWHcamWul6f99NFnynnZD7L,ICOS_ATC_OBSPACK-Europe-L2-2024_CBW_27.0_CTS_CO2.zip,2,Atmospheric CO2 product,Cabauw
12,Qd9v5zPvvJSAVNEbqJJuTCDQ,True,LUT,NL,2,53.4036,6.3528,1.0,60.0,2224253,129179,2,2006-05-17T14:30:00Z,2024-04-30T23:30:00Z,2024-05-01T20:18:18.530786Z,https://data.icos-cp.eu/objects/Qd9v5zPvvJSAVNEbqJJuTCDQ,co2_lut_surface-insitu_44_allvalid.nc,4,Obspack CO2 time-series result,Lutjewad
17,w9ja3KFOOyzNOiSmd5TX9u6T,True,LUT,NL,2,53.4036,6.3528,1.0,60.0,1921432,153019,2,2006-05-17T00:00:00Z,2024-03-31T23:00:00Z,2024-07-17T12:15:19Z,https://data.icos-cp.eu/objects/w9ja3KFOOyzNOiSmd5TX9u6T,ICOS_ATC_OBSPACK-Europe-L2-2024_LUT_60.0_CTS_CO2.zip,2,Atmospheric CO2 product,Lutjewad
215,PXBNgmAH-PG5_AYXDl4fu2se,True,BIR,NO,2,58.3886,8.2519,219.0,2.5,7340439,83072,2,2009-07-03T08:00:00Z,2018-09-23T23:00:00Z,2019-06-06T07:42:14Z,https://data.icos-cp.eu/objects/PXBNgmAH-PG5_AYXDl4fu2se,BIR_2.5m_air.hdf.all.COMBI_Drought2018_20190522.co2,2,Atmospheric CO2 product,Birkenes
214,5zUhAc31fBY39EGd2ld17vKj,True,BIK,PL,no,53.2294,23.0128,183.0,300.0,1444120,78570,2,2006-01-06T06:30:00Z,2021-05-31T23:30:00Z,2024-05-01T20:02:24.848768Z,https://data.icos-cp.eu/objects/5zUhAc31fBY39EGd2ld17vKj,co2_bik_tower-insitu_45_allvalid-300magl.nc,4,Obspack CO2 time-series result,Bialystok
232,xfvLFtnZc-7dJbJaIEX4qckP,True,BIK,PL,no,53.2294,23.0128,183.0,180.0,1255458,65669,2,2006-01-06T20:30:00Z,2021-05-31T23:30:00Z,2024-05-01T20:02:45.392686Z,https://data.icos-cp.eu/objects/xfvLFtnZc-7dJbJaIEX4qckP,co2_bik_tower-insitu_45_allvalid-180magl.nc,4,Obspack CO2 time-series result,Bialystok
153,L9dxyr_JvrxwG7C0YPIrE1DY,True,BIK,PL,no,53.2294,23.0128,183.0,90.0,1271084,66434,2,2006-01-06T09:30:00Z,2021-05-31T23:30:00Z,2024-05-01T20:02:04.046891Z,https://data.icos-cp.eu/objects/L9dxyr_JvrxwG7C0YPIrE1DY,co2_bik_tower-insitu_45_allvalid-90magl.nc,4,Obspack CO2 time-series result,Bialystok
244,KTJ8ZOSXXiJuSLYlJ2KrGmkI,True,BIK,PL,no,53.2294,23.0128,183.0,30.0,1315292,69058,2,2006-01-06T08:30:00Z,2021-05-31T23:30:00Z,2024-05-01T20:02:35.344446Z,https://data.icos-cp.eu/objects/KTJ8ZOSXXiJuSLYlJ2KrGmkI,co2_bik_tower-insitu_45_allvalid-30magl.nc,4,Obspack CO2 time-series result,Bialystok
240,4h4ZtGRm__Q4GmgBdw5UH2nn,True,BIK,PL,no,53.2294,23.0128,183.0,5.0,1281991,66636,2,2006-01-06T09:30:00Z,2021-05-31T23:30:00Z,2024-05-01T20:02:14.206022Z,https://data.icos-cp.eu/objects/4h4ZtGRm__Q4GmgBdw5UH2nn,co2_bik_tower-insitu_45_allvalid-5magl.nc,4,Obspack CO2 time-series result,Bialystok
192,XKD_vbQEU9rxd8GJFhcGD__S,True,BIK,PL,no,53.2294,23.0128,183.0,300.0,1620727,157650,2,2006-01-06T06:00:00Z,2023-12-31T23:00:00Z,2024-07-17T12:05:05Z,https://data.icos-cp.eu/objects/XKD_vbQEU9rxd8GJFhcGD__S,ICOS_ATC_OBSPACK-Europe-L2-2024_BIK_300.0_CTS_CO2.zip,2,Atmospheric CO2 product,Bialystok
159,UIL4md04pQgcLy-oo4OBXkd6,True,BIK,PL,no,53.2294,23.0128,183.0,180.0,1574454,157650,2,2006-01-06T06:00:00Z,2023-12-31T23:00:00Z,2024-07-17T12:04:50Z,https://data.icos-cp.eu/objects/UIL4md04pQgcLy-oo4OBXkd6,ICOS_ATC_OBSPACK-Europe-L2-2024_BIK_180.0_CTS_CO2.zip,2,Atmospheric CO2 product,Bialystok
203,Likw3frqjJHYAo3KjdhYi0RV,True,BIK,PL,no,53.2294,23.0128,183.0,90.0,1579554,157650,2,2006-01-06T06:00:00Z,2023-12-31T23:00:00Z,2024-07-17T12:05:19Z,https://data.icos-cp.eu/objects/Likw3frqjJHYAo3KjdhYi0RV,ICOS_ATC_OBSPACK-Europe-L2-2024_BIK_90.0_CTS_CO2.zip,2,Atmospheric CO2 product,Bialystok
79,uOGgbbytWLu8zhGv0y3xTj5k,True,BIK,PL,no,53.2294,23.0128,183.0,30.0,1596219,157650,2,2006-01-06T06:00:00Z,2023-12-31T23:00:00Z,2024-07-17T12:04:57Z,https://data.icos-cp.eu/objects/uOGgbbytWLu8zhGv0y3xTj5k,ICOS_ATC_OBSPACK-Europe-L2-2024_BIK_30.0_CTS_CO2.zip,2,Atmospheric CO2 product,Bialystok
197,vLuKQbo8dGLfqM8tihQHo1Sl,True,BIK,PL,no,53.2294,23.0128,183.0,5.0,1580532,157650,2,2006-01-06T06:00:00Z,2023-12-31T23:00:00Z,2024-07-17T12:05:12Z,https://data.icos-cp.eu/objects/vLuKQbo8dGLfqM8tihQHo1Sl,ICOS_ATC_OBSPACK-Europe-L2-2024_BIK_5.0_CTS_CO2.zip,2,Atmospheric CO2 product,Bialystok
44,4WyEJdAWwmzia4JUiB7lNVYB,True,KAS,PL,no,49.2333,19.9833,1987.0,7.0,2668393,147186,2,1996-07-05T14:30:00Z,2023-03-31T22:30:00Z,2024-05-01T20:15:30.775481Z,https://data.icos-cp.eu/objects/4WyEJdAWwmzia4JUiB7lNVYB,co2_kas_surface-insitu_53_allvalid.nc,4,Obspack CO2 time-series result,Kasprowy Wierch
35,KXMlTaKhEsY1PiivcXRYtjLB,True,KAS,PL,no,49.2333,19.9833,1987.0,7.0,2749771,241809,2,1996-07-05T14:00:00Z,2024-03-31T22:00:00Z,2024-07-17T12:13:11Z,https://data.icos-cp.eu/objects/KXMlTaKhEsY1PiivcXRYtjLB,ICOS_ATC_OBSPACK-Europe-L2-2024_KAS_7.0_CTS_CO2.zip,2,Atmospheric CO2 product,Kasprowy Wierch
64,RYB92lyZABxlC1sRWMW_w-qS,True,HTM,SE,1,56.0976,13.4189,115.0,150.0,1200972,60970,2,2016-12-13T00:30:00Z,2024-04-30T23:30:00Z,2024-05-01T20:11:24.148773Z,https://data.icos-cp.eu/objects/RYB92lyZABxlC1sRWMW_w-qS,co2_htm_tower-insitu_424_allvalid-150magl.nc,4,Obspack CO2 time-series result,Hyltemossa
26,ZghwD54fBUH6syEtsv-UNK2U,True,HTM,SE,1,56.0976,13.4189,115.0,70.0,1208783,60225,2,2016-12-13T00:30:00Z,2024-04-30T23:30:00Z,2024-05-01T20:11:03.088983Z,https://data.icos-cp.eu/objects/ZghwD54fBUH6syEtsv-UNK2U,co2_htm_tower-insitu_424_allvalid-70magl.nc,4,Obspack CO2 time-series result,Hyltemossa
47,foipwnHEuznstDNIFL9lMf8T,True,HTM,SE,1,56.0976,13.4189,115.0,30.0,1210661,60226,2,2016-12-13T00:30:00Z,2024-04-30T23:30:00Z,2024-05-01T20:11:13.495172Z,https://data.icos-cp.eu/objects/foipwnHEuznstDNIFL9lMf8T,co2_htm_tower-insitu_424_allvalid-30magl.nc,4,Obspack CO2 time-series result,Hyltemossa
43,Z6nTC-rvTbOWqve59exaSdpO,True,HTM,SE,1,56.0976,13.4189,115.0,150.0,1138976,60984,2,2017-04-17T00:00:00Z,2024-03-31T23:00:00Z,2024-06-27T13:26:10Z,https://data.icos-cp.eu/objects/Z6nTC-rvTbOWqve59exaSdpO,ICOS_ATC_L2_L2-2024.1_HTM_150.0_CTS_CO2.zip,3,ICOS ATC CO2 Release,Hyltemossa
102,hE65fOCgY03HnNXbCeljs8cb,True,HTM,SE,1,56.0976,13.4189,115.0,70.0,1136765,60984,2,2017-04-17T00:00:00Z,2024-03-31T23:00:00Z,2024-06-27T13:26:42Z,https://data.icos-cp.eu/objects/hE65fOCgY03HnNXbCeljs8cb,ICOS_ATC_L2_L2-2024.1_HTM_70.0_CTS_CO2.zip,3,ICOS ATC CO2 Release,Hyltemossa
77,knOLyTJgwHfZmCPMdPUxIQEq,True,HTM,SE,1,56.0976,13.4189,115.0,30.0,1125550,60984,2,2017-04-17T00:00:00Z,2024-03-31T23:00:00Z,2024-06-27T13:26:26Z,https://data.icos-cp.eu/objects/knOLyTJgwHfZmCPMdPUxIQEq,ICOS_ATC_L2_L2-2024.1_HTM_30.0_CTS_CO2.zip,3,ICOS ATC CO2 Release,Hyltemossa
52,mlLJWTW278WcjlCqHYG8vVuC,True,HTM,SE,1,56.0976,13.4189,115.0,150.0,1019374,63984,2,2016-12-13T00:00:00Z,2024-03-31T23:00:00Z,2024-07-17T12:10:15Z,https://data.icos-cp.eu/objects/mlLJWTW278WcjlCqHYG8vVuC,ICOS_ATC_OBSPACK-Europe-L2-2024_HTM_150.0_CTS_CO2.zip,2,Atmospheric CO2 product,Hyltemossa
58,Cxk6flz450tv5heD7UDZe2YH,True,HTM,SE,1,56.0976,13.4189,115.0,70.0,1017125,63984,2,2016-12-13T00:00:00Z,2024-03-31T23:00:00Z,2024-07-17T12:10:29Z,https://data.icos-cp.eu/objects/Cxk6flz450tv5heD7UDZe2YH,ICOS_ATC_OBSPACK-Europe-L2-2024_HTM_70.0_CTS_CO2.zip,2,Atmospheric CO2 product,Hyltemossa
293,l0_l9cs4ZSIU7lUSU3YID0S5,True,HTM,SE,1,56.0976,13.4189,115.0,30.0,1011108,63984,2,2016-12-13T00:00:00Z,2024-03-31T23:00:00Z,2024-07-17T12:10:21Z,https://data.icos-cp.eu/objects/l0_l9cs4ZSIU7lUSU3YID0S5,ICOS_ATC_OBSPACK-Europe-L2-2024_HTM_30.0_CTS_CO2.zip,2,Atmospheric CO2 product,Hyltemossa
142,JQfA_BH7vayy8sf9g44pM-Sl,True,NOR,SE,1,60.0864,17.4794,46.0,100.0,1224516,62233,2,2017-01-31T00:30:00Z,2024-04-30T23:30:00Z,2024-05-01T20:19:54.953750Z,https://data.icos-cp.eu/objects/JQfA_BH7vayy8sf9g44pM-Sl,co2_nor_tower-insitu_424_allvalid-100magl.nc,4,Obspack CO2 time-series result,Norunda
157,iqvasAIbKV3QBcjQzASliHpM,True,NOR,SE,1,60.0864,17.4794,46.0,58.0,1236732,61726,2,2017-01-31T00:30:00Z,2024-04-30T23:30:00Z,2024-05-01T20:19:32.823976Z,https://data.icos-cp.eu/objects/iqvasAIbKV3QBcjQzASliHpM,co2_nor_tower-insitu_424_allvalid-58magl.nc,4,Obspack CO2 time-series result,Norunda
200,wu2pC1Ms4cICgznAC69tFNZf,True,NOR,SE,1,60.0864,17.4794,46.0,32.0,1238263,61729,2,2017-01-31T00:30:00Z,2024-04-30T23:30:00Z,2024-05-01T20:19:44.284592Z,https://data.icos-cp.eu/objects/wu2pC1Ms4cICgznAC69tFNZf,co2_nor_tower-insitu_424_allvalid-32magl.nc,4,Obspack CO2 time-series result,Norunda
107,9fTviNVNtbbxvD0CxLw5g_30,True,NOR,SE,1,60.0864,17.4794,46.0,100.0,1187962,61368,2,2017-04-01T00:00:00Z,2024-03-31T23:00:00Z,2024-06-28T07:26:47Z,https://data.icos-cp.eu/objects/9fTviNVNtbbxvD0CxLw5g_30,ICOS_ATC_L2_L2-2024.1_NOR_100.0_CTS_CO2.zip,3,ICOS ATC CO2 Release,Norunda
259,RA0ne5PmXquSRt_VoHkyhhTI,True,NOR,SE,1,60.0864,17.4794,46.0,58.0,1184815,61368,2,2017-04-01T00:00:00Z,2024-03-31T23:00:00Z,2024-06-27T13:34:30Z,https://data.icos-cp.eu/objects/RA0ne5PmXquSRt_VoHkyhhTI,ICOS_ATC_L2_L2-2024.1_NOR_58.0_CTS_CO2.zip,3,ICOS ATC CO2 Release,Norunda
246,f1NmpZTx2kI9IlQHuGbqj9En,True,NOR,SE,1,60.0864,17.4794,46.0,32.0,1189047,61368,2,2017-04-01T00:00:00Z,2024-03-31T23:00:00Z,2024-06-27T13:34:14Z,https://data.icos-cp.eu/objects/f1NmpZTx2kI9IlQHuGbqj9En,ICOS_ATC_L2_L2-2024.1_NOR_32.0_CTS_CO2.zip,3,ICOS ATC CO2 Release,Norunda
48,3_ks3KsDJUJ_0lHanvFspKCd,True,NOR,SE,1,60.0864,17.4794,46.0,100.0,1047008,62808,2,2017-01-31T00:00:00Z,2024-03-31T23:00:00Z,2024-07-17T12:16:06Z,https://data.icos-cp.eu/objects/3_ks3KsDJUJ_0lHanvFspKCd,ICOS_ATC_OBSPACK-Europe-L2-2024_NOR_100.0_CTS_CO2.zip,2,Atmospheric CO2 product,Norunda
10,JY71u5DvfsvoxpksEKxkuvNH,True,NOR,SE,1,60.0864,17.4794,46.0,58.0,1039362,62808,2,2017-01-31T00:00:00Z,2024-03-31T23:00:00Z,2024-07-17T12:16:23Z,https://data.icos-cp.eu/objects/JY71u5DvfsvoxpksEKxkuvNH,ICOS_ATC_OBSPACK-Europe-L2-2024_NOR_58.0_CTS_CO2.zip,2,Atmospheric CO2 product,Norunda
252,ywH2OMFp8QXoM84QlnWRtfOu,True,NOR,SE,1,60.0864,17.4794,46.0,32.0,1043298,62808,2,2017-01-31T00:00:00Z,2024-03-31T23:00:00Z,2024-07-17T12:16:15Z,https://data.icos-cp.eu/objects/ywH2OMFp8QXoM84QlnWRtfOu,ICOS_ATC_OBSPACK-Europe-L2-2024_NOR_32.0_CTS_CO2.zip,2,Atmospheric CO2 product,Norunda
92,swYMiuPQ4mP3gJt2U21Vg9K1,True,SVB,SE,1,64.256,19.775,269.0,150.0,1119220,56573,2,2017-05-31T11:30:00Z,2024-04-28T23:30:00Z,2024-05-01T20:27:44.397402Z,https://data.icos-cp.eu/objects/swYMiuPQ4mP3gJt2U21Vg9K1,co2_svb_tower-insitu_440_allvalid-150magl.nc,4,Obspack CO2 time-series result,Svartberget
248,R01XFLj-c3nCgaXnerm2Gspj,True,SVB,SE,1,64.256,19.775,269.0,85.0,1120631,56636,2,2017-05-31T11:30:00Z,2024-04-28T23:30:00Z,2024-05-01T20:27:34.185502Z,https://data.icos-cp.eu/objects/R01XFLj-c3nCgaXnerm2Gspj,co2_svb_tower-insitu_440_allvalid-85magl.nc,4,Obspack CO2 time-series result,Svartberget
194,yaLse27tHOkWS8rN4SzNDejG,True,SVB,SE,1,64.256,19.775,269.0,35.0,1119430,56395,2,2017-05-31T11:30:00Z,2024-04-29T00:30:00Z,2024-05-01T20:27:23.801553Z,https://data.icos-cp.eu/objects/yaLse27tHOkWS8rN4SzNDejG,co2_svb_tower-insitu_440_allvalid-35magl.nc,4,Obspack CO2 time-series result,Svartberget
30,7U2hw7HBLu7okSXPwotAAc5i,True,SVB,SE,1,64.256,19.775,269.0,150.0,1114371,59897,2,2017-06-01T00:00:00Z,2024-03-31T23:00:00Z,2024-06-27T13:41:34Z,https://data.icos-cp.eu/objects/7U2hw7HBLu7okSXPwotAAc5i,ICOS_ATC_L2_L2-2024.1_SVB_150.0_CTS_CO2.zip,3,ICOS ATC CO2 Release,Svartberget
237,1aRTeoVFyZBEmw1zcvNWY_5Z,True,SVB,SE,1,64.256,19.775,269.0,85.0,1114400,59897,2,2017-06-01T00:00:00Z,2024-03-31T23:00:00Z,2024-06-27T13:42:08Z,https://data.icos-cp.eu/objects/1aRTeoVFyZBEmw1zcvNWY_5Z,ICOS_ATC_L2_L2-2024.1_SVB_85.0_CTS_CO2.zip,3,ICOS ATC CO2 Release,Svartberget
110,rXUaZAw1KcgkeVRjLY2Fv2b3,True,SVB,SE,1,64.256,19.775,269.0,35.0,1117309,59897,2,2017-06-01T00:00:00Z,2024-03-31T23:00:00Z,2024-06-27T13:41:51Z,https://data.icos-cp.eu/objects/rXUaZAw1KcgkeVRjLY2Fv2b3,ICOS_ATC_L2_L2-2024.1_SVB_35.0_CTS_CO2.zip,3,ICOS ATC CO2 Release,Svartberget
148,Wx2zISpEFuqYMWMCQWcmV48c,True,SVB,SE,1,64.256,19.775,269.0,150.0,963515,59921,2,2017-05-31T00:00:00Z,2024-03-31T23:00:00Z,2024-07-17T12:47:36Z,https://data.icos-cp.eu/objects/Wx2zISpEFuqYMWMCQWcmV48c,ICOS_ATC_OBSPACK-Europe-L2-2024_SVB_150.0_CTS_CO2.zip,2,Atmospheric CO2 product,Svartberget
239,DD5Q3GTvCcaIHC4GdH_7V_2J,True,SVB,SE,1,64.256,19.775,269.0,85.0,962165,59921,2,2017-05-31T00:00:00Z,2024-03-31T23:00:00Z,2024-07-17T12:47:58Z,https://data.icos-cp.eu/objects/DD5Q3GTvCcaIHC4GdH_7V_2J,ICOS_ATC_OBSPACK-Europe-L2-2024_SVB_85.0_CTS_CO2.zip,2,Atmospheric CO2 product,Svartberget
271,ygfF78of2O0GfC_7zHP4c58o,True,SVB,SE,1,64.256,19.775,269.0,35.0,965459,59921,2,2017-05-31T00:00:00Z,2024-03-31T23:00:00Z,2024-07-17T12:47:47Z,https://data.icos-cp.eu/objects/ygfF78of2O0GfC_7zHP4c58o,ICOS_ATC_OBSPACK-Europe-L2-2024_SVB_35.0_CTS_CO2.zip,2,Atmospheric CO2 product,Svartberget
